FID,ASSETID,INST_YR,MATERIAL,WIDTH,OWNERSHIP,CLASS1,CLASS2,NAME1,NAME2,GlobalID,LIFESTATUS,Shape_len,Shape__Length
1,TR354,2005,Gravel,,Public,Recreational,Recreational,,,{FF20F7E7-3EE1-4A25-935E-E43ABC1336DA},Active,,81.9727779546837
2,TR323,2005,Gravel,1.5,Public,Recreational,Recreational,,,{807D16CB-A3D5-4B7C-BCC2-BC179D726ADB},Active,,989.761468414357
3,TR648,2002,Gravel,2.5,Public,Recreational,Recreational,,,{9AC291BF-AB9C-4E0D-A835-9FC515C9C5B1},Active,,86.3699537500199
4,TR650,2017,Gravel,1.5,Public,Recreational,Recreational,Hubman Dog Park Access,,{DE0FC54B-1E8F-43F2-88BD-729F9865C517},Active,,43.4183604947221
5,TR649,2017,Gravel,1.5,Public,Recreational,Recreational,Hubman Dog Park Access,,{692B3292-D060-4072-837B-21514EE0115E},Active,,39.664219524714
6,TR651,2017,Gravel,1.5,Public,Recreational,Recreational,Palliser Dog Park Access,,{9B337B2B-21DF-48E2-AB2D-E3FEE5DD0028},Active,,30.598408602354
7,TR273,2002,Gravel,1.5,Public,Recreational,Recreational,Transcanada Trail,,{FE7D2E3E-DB60-4365-9D0B-6BB1F9A606C8},Active,,514.133770826429
8,TR652,2002,Gravel,1.5,Public,Recreational,Recreational,,,{1CAC6048-9680-463F-BFDF-662AECC29053},Active,,143.04741462182
9,TR654,2002,Gravel,1.5,Public,Recreational,Recreational,,,{129466CC-F4E8-4F49-ACFA-B485986498A4},Active,,94.2258178952774
10,TR657,2017,Gravel,2.5,Public,Recreational,,,,{DF505E32-4D45-4804-B30A-8BFC8BAEED93},Active,,14.7680278239818
11,TR656,2017,Gravel,2.5,Public,Recreational,,,,{5F15D1E7-C4B8-45B2-BC26-693A27E47A0B},Active,,107.78635202011
12,TR653,2018,Gravel,1.5,Public,Recreational,Recreational,,,{41E5EF82-F668-4B5A-8DE1-AE53583F8D84},Active,,30.6527401542221
13,TR655,2018,Gravel,1.5,Public,Recreational,Recreational,,,{DF2922DF-406A-4E1A-B005-9B9A483F6C58},Active,,158.869823898114
14,TR211,2002,Gravel,1.5,Public,Recreational,Recreational,,,{EF0102E2-885C-490A-9E6C-FAAEE3B29CA3},Active,,915.059907460865
15,TR662,2021,Gravel,1,Public,Recreational,Recreational,,,{C5D5BC1F-48FB-4802-BCF8-3FC5F17DC328},Active,,8.71723605721605
16,TR663,2021,Gravel,2,Public,Recreational,Recreational,,,{87238338-34B7-40E8-91F2-F6F6229FBC16},Active,,7.43577656085011
17,TR289,1992,Organic,0.5,Public,Recreational,Recreational,,,{D6DA8B7A-7DB8-4AA8-9B55-AE8BD7CC7C52},Active,,15.2928630074734
18,TR006,2000,Gravel,1.5,Public,Recreational,Recreational,,,{4F0D3355-FB09-4321-98ED-D8797855CD7E},Active,,12.3054619906803
19,TR008,2000,Gravel,1.5,Public,Recreational,Recreational,,,{30C8F211-59DD-44A1-947B-864CB8CAE842},Active,,23.1094237111441
20,TR009,2004,Gravel,1.5,Public,Recreational,Recreational,,,{2CF10038-9837-464B-8081-37D03E77E584},Active,,2.1234855611272
21,TR011,2004,Gravel,1.5,Public,Recreational,Recreational,,,{018831D1-8B6D-453B-A0C3-B26235896365},Active,,224.503997292506
22,TR012,2000,Gravel,1.5,Public,Recreational,Recreational,,,{AB7C3441-28D1-4F31-9140-553D413827E2},Active,,78.5586326337494
23,TR016,2000,Paved,2.5,Public,Recreational,Recreational,,,{0215013C-FFA8-45B7-8315-BDAB52CBC3AE},Active,,58.2005157132132
24,TR018,2000,Gravel,1.5,Public,Recreational,Shortcut,,,{266954CD-88E2-43B2-AA83-CFC6511E101E},Active,,27.6937443458487
25,TR661,2021,Gravel,1.5,Public,Recreational,Recreational,,,{E7171384-ED08-4D6A-A9CB-971D9C76FF25},Active,,48.7227808510227
26,TR020,2000,Paved,2.5,Public,Commuter,Commuter,,,{94DAFBA3-F7C0-4D47-9336-9832B0BE0ADE},Active,,161.88156857969
27,TR021,2000,Gravel,1.5,Public,Recreational,Shortcut,,,{2F8DB756-4F6A-47B2-96BB-F1C8F44AA323},Active,,57.2110952069243
28,TR022,2000,Paved,2.5,Public,Commuter,Commuter,,,{4B6E26D5-52C8-4A71-A0BD-D1656856539D},Active,,233.926994170929
29,TR023,2000,Gravel,1.5,Public,Recreational,Recreational,,,{46330777-0DC6-46DD-A468-9D0CCDB26E12},Active,,272.751649620794
30,TR030,2000,Gravel,1.5,Public,Recreational,Recreational,,,{2A95F1B9-4455-4A89-9693-4777012763E8},Active,,48.3246262418507
31,TR031,2000,Gravel,1.5,Public,Recreational,Recreational,,,{91F630FE-9CA3-4C0F-A089-B930D820ACAC},Active,,157.517917398602
32,TR033,2000,Gravel,1.5,Public,Recreational,Recreational,,,{1CF2A42E-B9A0-4CE8-9DC6-1F4D0A789798},Active,,24.3404144887121
33,TR034,2000,Gravel,1.5,Public,Recreational,Recreational,,,{B493E29D-0797-4807-B8FC-036013C83567},Active,,19.3468863885121
34,TR495,2004,Paved,1.5,Public,Recreational,Recreational,,,{CF73B0DD-ECEC-4534-8EEB-3B249609465D},Active,,699.264273667493
35,TR037,2004,Paved,1.5,Public,Recreational,Recreational,,,{611EE1EC-C8CF-45A4-B49D-0F230C15D790},Active,,1034.35800439702
36,TR039,2004,Gravel,1.5,Public,Recreational,Recreational,,,{83E3D17D-924A-4093-A200-FDD879BFB901},Active,,195.132336606614
37,TR040,2004,Gravel,1.5,Public,Recreational,Recreational,,,{40FF42BB-0397-4281-B8EF-A487CCA2C604},Active,,98.6541983016577
38,TR041,2004,Gravel,1.5,Public,Recreational,Recreational,,,{FBAD0B03-6FD9-46CC-9988-93C4956C8F11},Active,,504.491898728213
39,TR043,2004,Gravel,1.5,Public,Recreational,Recreational,,,{A41D4D12-6F15-4E4C-8E3D-DEECDF7D906C},Active,,85.1567702597452
40,TR044,2004,Gravel,1.5,Public,Recreational,Recreational,,,{FA2C7FD3-DAAB-4C8F-80FA-CBB6696EF2D5},Active,,69.5656399729213
41,TR046,2000,Paved,2.5,Public,Commuter,Commuter,,,{25186986-7508-45B9-A8E2-AB74C6349FA1},Active,,707.032169957768
42,TR047,2000,Gravel,1.5,Public,Recreational,Shortcut,,,{5470461A-7A33-4915-8FC2-78C8B40B3E94},Active,,66.2785469945514
43,TR050,2000,Gravel,1.5,Public,Recreational,Recreational,,,{FA743B05-9C49-4C50-A0E2-C8BD9E482607},Active,,147.499867293207
44,TR054,2000,Gravel,1.5,Public,Recreational,Recreational,,,{D94AB413-6E3E-4452-9963-9443D6925808},Active,,175.580650101277
45,TR055,2000,Gravel,1.5,Public,Recreational,Recreational,,,{D04B9B41-A4EE-4D68-ACCE-7163B6057615},Active,,294.743906977688
46,TR056,2000,Gravel,1.5,Public,Recreational,Recreational,,,{F36C522F-6109-4AC1-A060-74E0A9A5D028},Active,,89.3941318737218
47,TR058,2003,Gravel,1.5,Public,Recreational,Recreational,,,{1A7E27A4-362B-466F-B938-885A45EA5891},Active,,237.083740537348
48,TR060,2003,Gravel,1.5,Public,Recreational,Recreational,,,{65C604DA-0577-4871-B5F3-D05C4581132F},Active,,208.186433562302
49,TR061,2003,Gravel,1.5,Public,Recreational,Recreational,,,{DBDB7F26-F48C-4B2C-A2DC-659960A22C4F},Active,,51.7188829147256
50,TR063,2003,Gravel,1.5,Public,Recreational,Recreational,,,{CD59545C-1A25-4A04-B8B3-7A2A852E4EF4},Active,,117.014385589775
51,TR064,2003,Gravel,1.5,Public,Recreational,Recreational,,,{63F4E815-915D-448C-9BC8-929340751589},Active,,58.7684022029467
52,TR065,2003,Gravel,1.5,Public,Recreational,Recreational,,,{BDD99406-4139-4210-93E7-CC45D4106B2A},Active,,221.125784528696
53,TR066,2003,Gravel,1.5,Public,Recreational,Recreational,,,{5A25B779-874D-4BEE-92F4-7A422374C851},Active,,10.285695108415
54,TR067,2003,Gravel,1.5,Public,Recreational,Recreational,,,{F282A015-3516-4D3E-AE95-D7D955160279},Active,,546.581598664305
55,TR068,2003,Gravel,1.5,Public,Recreational,Shortcut,,,{D85123CA-6379-4C49-B66C-69C5F853D270},Active,,31.9919431579434
56,TR160,2002,Gravel,1.5,Public,Recreational,Recreational,,,{1992154C-3205-41D0-96BF-0E9AB829C09E},Active,,145.415865930742
57,TR426,2002,Gravel,1.5,Public,Recreational,Recreational,,,{AE558863-E600-4774-94B5-29D3F4DFF869},Active,,392.689989019143
58,TR660,2003,Gravel,3,Public,Commuter,Shortcut,,,{9DB9EB06-E3A2-4C1F-AE51-630E2EE08823},Active,,55.4673128569001
59,TR072,2003,Paved,2.5,Public,Recreational,Shortcut,,,{BF45BFB8-DA57-48A1-A412-0BB4C212861F},Active,,113.221573501492
60,TR076,2003,Paved,1.5,Public,Recreational,Shortcut,,,{6BE66A87-D983-4211-9ACA-FC28C0898C5F},Active,,93.1751140466895
61,TR081,2002,Gravel,1.5,Public,Recreational,Recreational,,,{31B2A193-3A97-4CDB-9A78-83C682BA5DB8},Active,,32.0314284913827
62,TR085,2002,Gravel,1.5,Public,Recreational,Recreational,,,{9AFE01B9-57A4-4795-AC77-3A244A397AB5},Active,,26.2648954858247
63,TR086,2002,Gravel,1.5,Public,Recreational,Shortcut,,,{D59A2968-3B8C-4060-B6A4-5C284AB1839A},Active,,48.5631396602414
64,TR087,2002,Gravel,1.5,Public,Recreational,Shortcut,,,{ACCEA5A3-4917-4A90-9AAB-EED991DAFFE4},Active,,57.5451992204286
65,TR088,2002,Gravel,1.5,Public,Recreational,Shortcut,,,{27C78F93-3DA2-4CCC-935E-AA5C5C70C199},Active,,104.767110385568
66,TR089,2002,Gravel,1.5,Public,Recreational,Shortcut,,,{45B9008A-6244-4D9E-95CA-817FA51146E5},Active,,111.702414344014
67,TR090,2002,Gravel,1.5,Public,Recreational,Shortcut,,,{3E05594B-1348-436D-AFE2-8A8C0D04437B},Active,,15.5493457346018
68,TR091,2002,Gravel,1.5,Public,Recreational,Shortcut,,,{12C0DFE6-0733-49B0-A4ED-81B2A000FD6B},Active,,29.8122743292234
69,TR092,2002,Gravel,1.5,Public,Recreational,Shortcut,,,{A1C9C5C4-9EDA-4DBC-8A1C-42ED2DED0710},Active,,16.7112570909681
70,TR093,2002,Gravel,1.5,Public,Recreational,Shortcut,,,{96CD9A34-7D9B-4644-90D1-5C04553A3CA6},Active,,84.0941532511563
71,TR094,2002,Gravel,1.5,Public,Recreational,Shortcut,,,{5AEB71F8-764E-4463-AE9B-BBAE95BB0D02},Active,,52.2872762660827
72,TR095,2002,Gravel,1.5,Public,Recreational,Shortcut,,,{66D3CA05-2FF8-4AD4-8662-E3EB06C60593},Active,,31.0622748901925
73,TR523,2014,Paved,2.5,Public,Recreational,Recreational,Trans Canada Trail,,{1BF39AE1-FE94-4D05-9523-11DF360D4AA2},Active,,81.0378843892223
74,TR098,2002,Gravel,1.5,Public,Recreational,Shortcut,,,{1742BA29-45A9-4473-8034-8917E25F0C46},Active,,56.2126340896219
75,TR101,2002,Gravel,1.5,Public,Recreational,Shortcut,,,{9B5585BD-1863-48F7-B7F5-18969134CE9E},Active,,26.2578341827675
76,TR103,1990,Gravel,1.5,Public,Recreational,Recreational,,,{0DA8F17B-E134-468D-ADF4-F8389859144D},Active,,317.416713776516
77,TR106,2002,Gravel,1.5,Public,Recreational,Recreational,,,{B1E66B01-FA2B-4CDC-944B-791A48C47D70},Active,,69.6075593111472
78,TR120,2002,Gravel,1.5,Public,Commuter,Commuter,,,{65DCE861-1DE0-4933-B67A-EFA722F0D628},Active,,156.24019811721
79,TR111,2002,Gravel,1.5,Public,Recreational,Shortcut,,,{7F5EE704-40DD-421A-9A2D-8261890546B9},Active,,31.6152707803407
80,TR113,2002,Gravel,1.5,Public,Commuter,Commuter,,,{678E5785-217A-45A9-9180-53141B7B2022},Active,,145.829647627892
81,TR114,2002,Gravel,1.5,Public,Commuter,Commuter,,,{8BFECE33-90BD-43C9-9E8F-D4BF38F5BE52},Active,,53.5497314840004
82,TR115,2002,Gravel,1.5,Public,Recreational,Recreational,,,{2A1DCD0B-2068-4E6F-B7F3-BBD11DC650AD},Active,,850.591061485155
83,TR119,2002,Gravel,1.5,Public,Recreational,Shortcut,,,{2109FB37-B051-4E4F-BB8F-53BD7F14F8E8},Active,,8.62075737363177
84,TR121,2002,Asphalt,1.5,Public,Recreational,Shortcut,,,{E0ACEB3E-7B5C-40B5-B2B6-520087E9BC79},Active,,134.150747326241
85,TR127,2002,Gravel,1.5,Public,Commuter,Shortcut,,,{1C67C53B-3DA7-43D5-904D-5813D5F387AB},Active,,52.7622277631924
86,TR133,2002,Gravel,1.5,Public,Recreational,Shortcut,,,{150493F0-D6E0-4360-9BD8-BEAC9CF1B541},Active,,72.6272876595277
87,TR134,2002,Gravel,1.5,Public,Recreational,Shortcut,,,{EDEC32C5-D059-4386-A37A-01140AF5EB1E},Active,,24.6511358136241
88,TR135,1994,Gravel,1.5,Public,Recreational,Shortcut,,,{1DCF6F2F-1F9F-4B5F-8014-5D2AE3AE02CB},Active,,92.1716506702512
89,TR332,2005,Gravel,,Public,Recreational,Recreational,,,{D37E4B91-8E56-4993-9BB5-EBAF25452448},Active,,198.522509197758
90,TR333,2005,Gravel,1.5,Public,Recreational,Recreational,,,{03F1E510-FF5F-4DFB-8A5C-7466A06082F1},Active,,156.824595751329
91,TR138,2002,Gravel,1.5,Public,Recreational,Shortcut,,,{9E2E5A67-59E3-49A7-87D2-E4F54113A194},Active,,70.0013991791503
92,TR139,2002,Gravel,1.5,Public,Recreational,Shortcut,,,{7E3C130A-866F-4DEB-A600-CA0892B2BB08},Active,,249.163817387678
93,TR140,2002,Paved,2.5,Public,Commuter,Shortcut,,,{595BEF71-8BEA-4FD1-98CF-AED4CFCC0E62},Active,,30.716115479067
94,TR141,2002,Gravel,1.5,Public,Recreational,Shortcut,,,{626CDC5D-F4B0-4FE5-AED7-CE5CB6FA2E0B},Active,,18.4198251201775
95,TR147,2002,Paved,2.5,Public,Recreational,Recreational,,,{FD257AEF-8F99-4920-A081-E0890E05F0CA},Active,,34.4804316769204
96,TR149,2002,Gravel,1.5,Public,Recreational,Shortcut,,,{9919CAD6-874A-4788-957F-90FB3B211DBB},Active,,26.3406645410886
97,TR153,2006,Gravel,1.5,Public,Recreational,Shortcut,,,{8B58120C-F410-451B-B94E-FD252F76E171},Active,,131.34918966713
98,TR154,2002,Gravel,1.5,Public,Recreational,Recreational,,,{789B7143-B733-4EAF-BEAD-CA120CAC21D6},Active,,173.912670612024
99,TR168,2002,Gravel,1.5,Public,Recreational,Shortcut,,,{9B03A2C8-E384-45F0-BA70-CFD5714050F5},Active,,56.5757402347397
100,TR173,2002,Gravel,1.5,Public,Recreational,Recreational,Trans Canada Trail,,{9D9F85F3-E3BB-4098-9698-82444E7990D0},Active,,444.282631827802
101,TR174,2002,Gravel,1.5,Public,Recreational,Recreational,,,{02A31344-1F19-46EE-BEB1-70F5C265CF95},Active,,674.279852993412
102,TR521,2014,Paved,2.5,Public,Recreational,Recreational,Trans Canada Trail,,{AA921724-6AC7-4932-A9EC-1C952B642DA2},Active,,28.8997872704544
103,TR182,2002,Gravel,1.5,Public,Recreational,Recreational,,,{BA4BDA00-CFE2-468B-8711-11A3E443733D},Active,,89.0570208785545
104,TR184,2002,Gravel,1.5,Public,Recreational,Recreational,,,{BF978507-8E7C-4C50-867A-A5D0BB189DC1},Active,,44.5876804811241
105,TR188,2002,Gravel,1.5,Public,Recreational,Recreational,,,{3DB21EC8-C99A-4F83-AE16-839FD9748004},Active,,72.169191990449
106,TR117,2002,Gravel,1.5,Public,Recreational,Recreational,,,{71E12762-A9EC-4C64-96BD-BFF598D63A91},Active,,27.5694187341039
107,TR304,2002,Gravel,1.5,Public,Commuter,Shortcut,,,{890227F4-5C4D-4A12-998D-970214352C3F},Active,,76.4697865684604
108,TR194,2002,Gravel,1.5,Public,Recreational,Shortcut,,,{9AF25B4D-3541-4D8A-909A-F754DAF00A1E},Active,,71.9831796124187
109,TR195,2002,Paved,2.5,Public,Commuter,Commuter,,,{31E1FA4B-AF5E-4F71-9559-16D048469AEE},Active,,108.233737662759
110,TR197,2002,Gravel,1.5,Public,Commuter,Commuter,,,{58B41CD0-9A69-489A-9401-0F48AF3B5871},Active,,43.7935005564197
111,TR202,2002,Gravel,2.5,Public,Recreational,Recreational,,,{2532DF3B-DF17-4F69-8284-B82E9BCB2407},Active,,1872.88496107385
112,TR203,2002,Gravel,1.5,Public,Recreational,Recreational,,,{4C99E5C6-4165-41E8-AE08-837877FE451F},Active,,534.896423311178
113,TR205,2002,Paved,2.5,Public,Commuter,Commuter,,,{67057AA9-3A40-46EA-98C2-21AA801F6DE9},Active,,34.7715678472805
114,TR335,2002,Gravel,,Public,Recreational,Shortcut,,,{53302345-6FD3-4409-B626-C44E5FE7A646},Active,,22.708666927987
115,TR214,1995,Gravel,1.5,Public,Recreational,Recreational,,,{09125826-E236-401D-9913-85879F3A9D29},Active,,127.226683223191
116,TR215,1995,Gravel,1.5,Public,Recreational,Recreational,,,{1F73A4AA-6B45-47EE-9BB4-9D15B60C3FB9},Active,,14.4139858371946
117,TR216,2002,Gravel,1.5,Public,Recreational,Recreational,,,{C33F0032-6472-4855-A996-5CECDF5A76AB},Active,,16.2594442611465
118,TR218,1994,Gravel,1.5,Public,Recreational,Shortcut,,,{8650392E-1608-4CF1-BBC2-6E6AC1566F4D},Active,,21.5102370831293
119,TR510,2000,Gravel,1.5,Public,Recreational,Recreational,,,{2CFBB654-0445-4030-8A05-09E8E496B009},Active,,146.850137847172
120,TR222,2002,Gravel,1.5,Public,Recreational,Shortcut,,,{76954AF8-B4B4-4EC6-B6B0-3A3C30B9FA1E},Active,,37.2011458729252
121,TR223,2002,Gravel,1.5,Public,Recreational,Shortcut,,,{7A1C9207-AF07-45BC-A068-94AAF7FC57F3},Active,,34.2295710162747
122,TR226,2000,Gravel,1.5,Public,Recreational,Shortcut,,,{DE3CC98C-9498-4E98-BC6B-6D347C202FC3},Active,,16.8867254388272
123,TR230,2000,Gravel,1.5,Public,Recreational,Shortcut,,,{F9F3972C-0552-49B1-9248-E08EAE14B593},Active,,69.8306623867808
124,TR233,2004,Paved,2.5,Public,Commuter,Commuter,Trans Canada Trail,,{8FAF2545-ABFE-4B92-8903-7A71CA2FA941},Active,,1236.18971230116
125,TR069,2003,Paved,1.5,Public,Recreational,Shortcut,,,{9E781284-50D7-4E11-B053-04E26F984F8D},Active,,83.2674290028728
126,TR116,2002,Gravel,1.5,Public,Recreational,Recreational,,,{54E8C8A6-9255-4A8A-A7E9-5E8D0DF0B4BD},Active,,536.435236134519
127,TR234,2004,Paved,2.5,Public,Commuter,Commuter,Trans Canada Trail,,{E02E3961-E6C4-481A-9331-6E9A8808EA15},Active,,746.555615744498
128,TR236,2004,Gravel,,Public,Recreational,Recreational,,,{78949C27-41C2-4966-9778-C7E992B72338},Active,,304.191520751814
129,TR336,2004,Paved,,Public,Recreational,Recreational,Trans Canada Trail,,{FF1C2784-D0AF-4278-BC92-ED21A2D8190F},Active,,24.5314775303631
130,TR237,2004,Gravel,,Public,Recreational,Recreational,,,{C51B1709-AC8F-48BF-A52C-F774E019255E},Active,,224.36691225977
131,TR238,2004,Gravel,,Public,Recreational,Recreational,,,{F2C90E98-065C-4AE6-A7EA-D786C9BDF386},Active,,190.046715795881
132,TR239,2004,Gravel,,Public,Recreational,Shortcut,,,{0D5FF93C-FE6C-478D-8597-742339E855C9},Active,,108.565352190222
133,TR240,2004,Gravel,,Public,Recreational,Shortcut,,,{ED9A137F-8957-47A5-A134-E7267F015C6F},Active,,97.382360083327
134,TR241,2000,Gravel,1.5,Public,Recreational,Recreational,,,{23D81EA5-76C9-4B5A-AA76-8050C9E201DC},Active,,160.332877767966
135,TR242,2004,Gravel,1.5,Public,Recreational,Shortcut,,,{2DD25E38-F780-494D-A8F9-4043936AA98A},Active,,53.8226162500187
136,TR243,2000,Gravel,1.5,Public,Commuter,Commuter,,,{61F64858-10EC-4714-8302-C02FAB4A87A1},Active,,167.61715500568
137,TR245,2002,Gravel,1.5,Public,Recreational,Recreational,Trans Canada Trail,,{A4995044-810D-4144-B65C-56E368D5B3A2},Active,,319.921098816187
138,TR247,2002,Gravel,1.5,Public,Recreational,Recreational,,,{12A24A47-90F7-4036-B228-473D2D996DAE},Active,,14.4094954667603
139,TR251,2002,Gravel,1.5,Public,Recreational,Shortcut,,,{3A861835-EF13-4C74-8A9A-24108EDBE33A},Active,,36.4236224801603
140,TR256,2002,Gravel,1.5,Public,Recreational,Recreational,,,{AB14CD24-6795-4046-8162-EE6B1DCF8CDA},Active,,106.260969583046
141,TR257,2006,Gravel,1.5,Public,Recreational,Recreational,,,{46DD30C2-E8DD-4260-98AE-5DAD7C40D136},Active,,239.108807862471
142,TR258,2002,Gravel,1.5,Public,Recreational,Recreational,,,{7E88B7EB-5FA0-4BB1-80FB-AF3C5664A121},Active,,136.518754425425
143,TR259,1994,Gravel,1.5,Public,Recreational,Recreational,Transcanada Trail,,{EA3FA078-A4BF-477B-B3B7-18B86A043CEC},Active,,155.722234319371
144,TR260,1999,Gravel,1.5,Public,Recreational,Shortcut,,,{49C7CF38-F743-40B0-8AFE-01B2C9925D82},Active,,144.965257041078
145,TR268,2002,Gravel,1.5,Public,Recreational,Shortcut,Transcanada Trail,,{6ECD1C47-FFE3-418A-980A-EBB2F523CDED},Active,,83.5257698940861
146,TR272,2002,Gravel,1.5,Public,Recreational,Recreational,,,{7E243A95-D9AD-4B9D-8AE0-13E31C87C769},Active,,825.186961836497
147,TR312,2002,Gravel,1.5,Public,Recreational,Recreational,,,{A2FBCB90-823E-4CE8-9DD1-FEF832045470},Active,,44.8778460292173
148,TR190,2002,Gravel,1.5,Public,Recreational,Recreational,,,{6926C8EB-CA83-4945-8FBD-2EAEEBA72F43},Active,,653.448052402937
149,TR322,2002,Gravel,1.5,Public,Recreational,Recreational,Miners Loop,,{D9B0CE5C-1D92-4927-823D-D6E24780C050},Active,,131.854515333672
150,TR320,2002,Gravel,1.5,Public,Commuter,Commuter,Miners Loop,,{8076CC6F-4E60-4327-872D-9F46E4DAAB1F},Active,,180.359951720968
151,TR104,2005,Gravel,1.5,Public,Recreational,Recreational,Miners Loop,,{A6C3F453-5307-48F4-B46C-3F38E66832C7},Active,,267.137521725099
152,TR051,2000,Gravel,1.5,Public,Recreational,Shortcut,,,{4416829E-3210-4380-AD18-FA519D472073},Active,,40.6417263484428
153,TR327,2000,Gravel,1.5,Public,Recreational,Shortcut,,,{EB38765B-9828-4F17-9F55-608B62896B89},Active,,59.4217402429772
154,TR053,2000,Gravel,1.5,Public,Recreational,Shortcut,,,{145EDD75-1C02-4C3C-9E7C-67E74F246077},Active,,77.4019669169102
155,TR344,2007,Paved,,Public,Recreational,Shortcut,,,{E51C7C52-2C21-4320-A52E-4DB7F17F0FD2},Active,,25.0433592205352
156,TR328,2000,Gravel,,Public,Recreational,Shortcut,,,{4F9CDF75-33A2-41B8-8982-F89E54F64E55},Active,,64.2118972909531
157,TR345,2006,Paved,0,Public,Commuter,Commuter,,,{7B7552B6-D8D7-4D8E-B764-3D30B94C8E7C},Active,,4512.82649956965
158,TR349,2006,Gravel,,Public,Recreational,Recreational,,,{502029A7-2818-4733-8396-CFC16A5729D3},Active,,188.441555209394
159,TR351,2002,Paved,,Public,Recreational,Recreational,Trans Canada Trail,,{663B01DC-4F1B-4FF0-8B16-F7C3FA951BC0},Active,,364.179383483492
160,TR352,2007,Paved,,Public,Commuter,Commuter,,,{3E881161-7751-4E5D-9697-22DA5930AEA0},Active,,215.315290016866
161,TR353,1990,Gravel,,Public,Recreational,Recreational,,,{B9460197-BEF7-47A4-94E6-12E52F9553CC},Active,,211.743820950121
162,TR355,2005,Gravel,,Public,Recreational,Recreational,,,{52E879F2-9DAB-4FC5-AACB-267234F6CA24},Active,,82.5948845650179
163,TR364,2005,Gravel,,Public,Recreational,Recreational,,,{1E20C0A5-E32B-4030-ADA7-7DBABE4E03C6},Active,,84.060725913873
164,TR365,2005,Gravel,,Public,Recreational,Recreational,,,{68AB2D7D-5656-407C-A5DA-70E87DDE358E},Active,,111.118412543485
165,TR368,2005,Gravel,,Public,Recreational,Recreational,,,{8A1890D2-60C8-4623-AD7B-0A85E5941D50},Active,,69.8710876246722
166,TR369,2005,Gravel,,Public,Recreational,Recreational,,,{99078DE0-0DF1-4C00-B20A-5D7B26C4CEF1},Active,,85.8381820654081
167,TR425,2005,Gravel,1.5,Public,Recreational,Recreational,Miners Loop,,{BA63374E-2077-4B7C-90FE-85D92A07CA6D},Active,,30.6680838376326
168,TR374,2004,Paved,2.5,Public,Recreational,Recreational,,,{AC158796-EF66-45E0-8FFB-15133CD50CDB},Active,,77.8367844613176
169,TR375,2004,Gravel,1.5,Public,Recreational,Recreational,,,{859724B3-931A-4EFD-9148-E51193C51944},Active,,226.466611137266
170,TR376,2004,Paved,,Public,Commuter,Commuter,Trans Canada Trail,,{662444A5-AA13-4768-917B-EAF9DA8D01A9},Active,,475.050303792787
171,TR278,2004,Gravel,1.5,Public,Recreational,Recreational,,,{DD120FD4-F57B-4308-A243-0C4CA664B9CB},Active,,83.8544313665956
172,TR279,2004,Gravel,1.5,Public,Recreational,Recreational,,,{A53773A5-F711-492D-9A61-6A7F7CB513EC},Active,,232.788695018158
173,TR280,2004,Gravel,1.5,Public,Recreational,Recreational,,,{AE207C84-C70C-4CF8-956E-C79C94248228},Active,,119.402038012201
174,TR282,2004,Paved,2.5,Public,Commuter,Commuter,Trans Canada Trail,,{718C227B-E790-48E6-9B8E-8BEBFD9D3B95},Active,,2604.25799265138
175,TR283,2004,Gravel,1.5,Public,Recreational,Recreational,,,{8C831C85-9D0C-4CEA-BC07-EA2F3626BB13},Active,,87.7125069283401
176,TR284,2004,Gravel,1.5,Public,Recreational,Recreational,,,{D66CDA43-CD1D-4D8B-B0FD-4F79E0028568},Active,,179.08255840678
177,TR285,2004,Gravel,1.5,Public,Recreational,Recreational,,,{C9820984-D915-438E-8337-70950A7110FA},Active,,95.1078665391369
178,TR338,2007,Paved,,Public,Recreational,Recreational,,,{73B30237-7A4E-43B8-AC45-30FFCA64ADD9},Active,,183.308997800452
179,TR339,2007,Paved,,Public,Recreational,Recreational,,,{BCE95228-5CF4-4E84-9F58-FCA960A0F03A},Active,,29.1590471232919
180,TR340,2007,Paved,,Public,Recreational,Shortcut,,,{1FCB87B3-77E2-4ABD-AD74-A1E7FC341C41},Active,,79.0476613593729
181,TR294,2002,Gravel,1.5,Public,Recreational,Recreational,,,{E1B28FB4-369E-4192-AB06-9A4467F60AC5},Active,,187.63015554855
182,TR177,2002,Gravel,1.5,Public,Recreational,Recreational,,,{77188135-4F08-4791-A350-FB556BD4BBC3},Active,,1128.55731629759
183,TR299,1992,Gravel,1.5,Public,Recreational,Shortcut,,,{15D44231-A520-4AA2-AF5C-B460F1900642},Active,,61.0568656513759
184,TR300,1997,Gravel,,Public,Recreational,Shortcut,,,{59840183-A62D-494D-A9FB-420A39C326C8},Active,,141.31078864775
185,TR265,2002,Gravel,1.5,Public,Recreational,Shortcut,,,{588CDF00-F8FE-4B43-8EA2-FA35AEFB9602},Active,,69.1268724491323
186,TR142,2002,Gravel,1.5,Public,Recreational,Shortcut,,,{09ACCF24-A8CF-41A1-A26E-275772A6181D},Active,,222.684182361239
187,TR131,2002,Gravel,1.5,Public,Recreational,Shortcut,,,{1704DDCE-7B7E-470B-A1B1-8218258F885E},Active,,59.2430008100082
188,TR301,1994,Gravel,,Public,Recreational,Shortcut,,,{C0D628A2-7C8B-4F68-B879-A094DEAD6E20},Active,,58.9738463471348
189,TR225,1990,Gravel,1.5,Public,Recreational,Shortcut,,,{F40ED62D-62B0-4453-B355-F8DF8A934129},Active,,63.2821435695896
190,TR163,2002,Paved,2.5,Public,Commuter,Commuter,,,{C381752E-22D4-4016-9EC2-023BC9C84229},Active,,68.2940518012556
191,TR302,2002,Gravel,1.5,Public,Recreational,Shortcut,,,{A4EAFB5D-107F-429E-A5BF-CC2AE9437DF0},Active,,90.5682490361479
192,TR303,2002,Gravel,1.5,Public,Commuter,Commuter,,,{EBBFA37C-1F35-4D69-B392-56646C49B101},Active,,239.419941532658
193,TR169,2002,Gravel,1.5,Public,Commuter,Commuter,,,{9FB57D35-DC9D-43F8-9B28-40A2BCBB8B0E},Active,,127.405718739141
194,TR310,2002,Gravel,1.5,Public,Recreational,Shortcut,,,{DBACD6FC-9D81-4691-8A91-367B2CEDDBA9},Active,,36.0184548842773
195,TR311,2002,Gravel,1.5,Public,Recreational,Recreational,,,{A33AF036-482D-4924-8B36-1CF8F91EAD32},Active,,46.5805622736324
196,TR246,2002,Gravel,1.5,Public,Recreational,Shortcut,,,{62CBEE2E-1B63-454C-8EC1-F197F15175E3},Active,,20.4521220979945
197,TR083,2002,Gravel,1.5,Public,Recreational,Recreational,,,{6427F778-0AAA-4159-9570-38319434E1FC},Active,,51.8624750527837
198,TR424,2006,Gravel,1.5,Public,Recreational,Recreational,,,{83BB9AA3-F141-4C52-A238-FA68F742B000},Active,,64.6006221558687
199,TR183,2002,Gravel,1.5,Public,Recreational,Recreational,,,{207DA3D4-775D-49B2-AD90-C979CBCB178C},Active,,150.858094378075
200,TR342,2002,Gravel,,Public,Recreational,Shortcut,,,{C4A9D7C6-9A24-4DAE-8E69-544F7B557861},Active,,34.6767465247271
201,TR317,2002,Gravel,1.5,Public,Recreational,Recreational,,,{21E2FB18-382C-4DD0-A2CD-BA29FAA671D3},Active,,163.934621670218
202,TR159,2002,Gravel,1.5,Public,Recreational,Shortcut,,,{E098C7C0-26B9-4762-9817-4B2BBC2FF7AA},Active,,86.1068445599115
203,TR254,2002,Gravel,1.5,Public,Commuter,Commuter,,,{41083D2F-2A76-49BF-8017-F4075EC3AE02},Active,,190.28458187402
204,TR377,2004,Paved,2.5,Public,Commuter,Commuter,Trans Canada Trail,,{8D4E760E-491A-4BB1-A23C-BCB7B38CF72E},Active,,379.238633682433
205,TR378,2004,Paved,2.5,Public,Commuter,Commuter,Trans Canada Trail,,{F2155EB8-B2DF-4E79-8150-A7C6667CCC57},Active,,305.521250315922
206,TR379,2004,Paved,2.5,Public,Recreational,Shortcut,,,{59A01D19-671D-4437-9135-3A64798DE556},Active,,20.380357464248
207,TR380,2004,Paved,2.5,Public,Commuter,Commuter,Trans Canada Trail,,{BD300309-0AD3-4A9F-935B-DD1A8D131920},Active,,330.686145033473
208,TR383,2007,Gravel,,Public,Recreational,Recreational,,,{B145C091-ED0F-4E61-871A-B618408E12E2},Active,,269.26257600028
209,TR387,2007,Paved,2.5,Public,Recreational,Shortcut,,,{785B3CDB-AD21-4F08-8230-35B2FBF42352},Active,,48.501592575581
210,TR396,2006,Paved,2.5,Public,Recreational,Recreational,,,{8A6157D9-3799-437F-BA97-E0DA802403FB},Active,,78.1810005742202
211,TR397,2006,Gravel,2.5,Public,Recreational,Recreational,,,{59248F68-1F2E-4C23-83BF-5364FD4CE65D},Active,,387.269351069768
212,TR398,2009,Paved,2.5,Public,Commuter,Commuter,,,{168F591C-2F9D-4CE0-91B0-66A2FAC04AA5},Active,,256.513401364122
213,TR399,2009,Paved,2.5,Public,Commuter,Commuter,Cougar Creek Commuter,,{92C8634C-64A5-43FC-99D6-2F0E413DCFC7},Active,,909.349642266813
214,TR401,2009,Paved,2.5,Public,Commuter,Commuter,,,{250CA29B-31E1-41B2-8829-52EBB0620066},Active,,381.592955651141
215,TR264,2002,Gravel,1.5,Public,Recreational,Recreational,,,{7F8CD5AA-0542-43DF-8BFE-31205750A0C4},Active,,23.4295952400018
216,TR402,,Paved,,Public,Commuter,Shortcut,,,{3E80B360-0D5C-4E34-A7F6-A1FE2AEBDC58},Active,,77.2478800782338
217,TR403,2009,Paved,2,Public,Commuter,Shortcut,,,{FF59B797-A3B9-4E2A-8BF0-AE0704BA7C35},Active,,31.4319762101526
218,TR404,2009,Paved,2,Public,Commuter,Shortcut,,,{4242DDEE-5CDF-4842-8A34-1C133E892D3A},Active,,165.712348899328
219,TR267,2002,Gravel,1.5,Public,Recreational,Recreational,,,{3B65FA22-812E-413A-85A8-F639DE9CF9A5},Active,,268.238448769649
220,TR406,2009,Paved,2.5,Public,Commuter,Shortcut,,,{6FFDE26B-1FC3-4B14-BC23-084C86AA7A31},Active,,59.3725651913414
221,TR407,2004,Gravel,1.5,Public,Recreational,Recreational,,,{261665C6-AA9B-4C6B-91B4-1C29DD2DEF0E},Active,,304.798317281712
222,TR408,2004,Gravel,1.5,Public,Recreational,Shortcut,,,{85F7855B-7BE0-4C01-B7F4-D7079BE6F80C},Active,,126.065865719908
223,TR409,2004,Gravel,1.5,Public,Recreational,Recreational,,,{D03868FA-7F87-4D5E-B273-EF22125A95B3},Active,,126.148104255774
224,TR410,2004,Gravel,1.5,Public,Recreational,Recreational,,,{B506A9ED-5F8D-453B-8CAD-C4F635B99105},Active,,50.8313492289926
225,TR411,2004,Gravel,1.5,Public,Recreational,Recreational,,,{595631EC-AB59-41EB-891B-8EA621D29BEE},Active,,143.895867543329
226,TR019,2000,Paved,2.5,Public,Commuter,Commuter,,,{1FEB4549-589B-45C8-8EEA-EC1D43D1B961},Active,,302.25398967172
227,TR415,,Paved,,Public,Recreational,Recreational,,,{156E6597-91CF-4B5A-9549-82A564006A3A},Active,,165.561207448223
228,TR417,2002,Gravel,1.5,Public,Recreational,Shortcut,Transcanada Trail,,{08B2B1F4-D5C5-4D33-AC11-64E6405F0424},Active,,114.233436204158
229,TR418,,Paved,,Public,Recreational,Recreational,,,{FE73FE02-C976-4509-921D-E237627AF32B},Active,,152.792631314179
230,TR432,,Gravel,,Public,Recreational,Shortcut,,,{79331082-BBB2-4F45-B04D-27F9F370480D},Active,,38.5599942787693
231,TR433,,Gravel,,Public,Recreational,Shortcut,,,{F60866A7-845C-4094-A44B-CB22D5CAA373},Active,,63.5575896503739
232,TR440,2002,Gravel,1.5,Public,Recreational,Shortcut,,,{530AF15D-525E-42A1-B378-DFDFE715E55C},Active,,20.202534300787
233,TR442,2002,Gravel,1.5,Public,Recreational,Shortcut,,,{B81565CE-907A-48D8-AD21-FA17195B20E1},Active,,25.4695873070113
234,TR443,2002,Gravel,1.5,Public,Recreational,Shortcut,,,{C5ADFFDA-059E-4ED2-84A8-C6428BCBA649},Active,,16.1069207640816
235,TR444,,Paved,,Public,Recreational,Shortcut,,,{D1BC782E-B871-4273-8889-7BDB544D8E75},Active,,23.8277009108899
236,TR451,,Paved,,Public,Recreational,Recreational,,,{5CEA2E63-9366-4F26-9349-E2434824EA4A},Active,,77.240414694037
237,TR456,,Concrete,,Public,Commuter,Commuter,,,{BFC48700-D496-4C31-9861-78DD04B4B693},Active,,361.306076181855
238,TR457,,Concrete,,Public,Commuter,Commuter,,,{F2770E4A-4DD0-403D-B97B-B37EE32ADC04},Active,,372.235005455754
239,TR459,,Paved,,Public,Recreational,Recreational,,,{6E237CC0-2A23-46FD-AA56-18D93EDD1023},Active,,40.727105766967
240,TR465,,Paved,,Public,Recreational,Recreational,,,{79B45625-BD86-4F1E-BFBA-55040FB3F417},Active,,301.755127133878
241,TR466,,Paved,,Public,Recreational,Recreational,,,{93C0B6AB-B21B-4C91-A3F1-C01C9679D418},Active,,432.239686144364
242,TR468,,Paved,,Public,Recreational,Recreational,,,{2B136D1F-535A-43F8-8816-C0891FD4B9AA},Active,,119.128802321724
243,TR453,2006,Gravel,1.5,Public,Recreational,Recreational,,,{7C2BB87D-4F3C-4B8E-915E-62730E555AAB},Active,,38.6378818936113
244,TR454,2006,Paved,2.5,Public,Recreational,Recreational,,,{F4BA4B2D-0EBA-42BA-BFE8-A887C052090C},Active,,18.0519781221307
245,TR455,2004,Paved,1.5,Public,Recreational,Recreational,,,{D2AE862F-7776-4568-87B9-E6D3464E0F88},Active,,100.78181124592
246,TR412,2008,Paved,2,Public,Commuter,Shortcut,,,{4758D98A-D162-4939-9E64-27F075649C6C},Active,,94.686863454326
247,TR413,2008,Paved,2,Public,Commuter,Shortcut,,,{C13F4F53-B315-4739-AA76-D065B991B5B0},Active,,46.2732776826238
248,TR414,2008,Paved,2,Public,Commuter,Shortcut,,,{B4FA8C69-7298-4F6F-B9F5-F95D4C52EAC4},Active,,42.2660130067114
249,TR471,,Paved,,Public,Recreational,Recreational,,,{4353F370-6E31-46C9-8AE9-EF53160DB85F},Active,,168.706383874254
250,TR472,,Paved,,Public,Recreational,Recreational,,,{98BC1A6E-7094-41A0-A047-0976AF42DB7C},Active,,160.929291816413
251,TR473,,Paved,,Private,Recreational,Recreational,,,{07A624A8-79D5-4E7B-A7FD-AE1456C0B0E2},Active,,183.213722610728
252,TR476,,Gravel,,Public,Recreational,Recreational,,,{02CDB014-EF94-435A-A5E8-9CC15EF68416},Active,,65.1138280168072
253,TR478,,Gravel,1.5,Public,Recreational,Recreational,,,{C04FBB56-92B5-472B-BCB9-DFBB6A81DF1C},Active,,31.8641310319041
254,TR479,,Gravel,1.5,Public,Recreational,Recreational,,,{F0AEC20E-B48A-4824-8B37-84EC6BED389E},Active,,204.742670643135
255,TR480,,Organic,1.5,Public,Recreational,Shortcut,,,{85F1F0D9-0632-4898-AF7C-042FC2C710A2},Active,,96.7967722131941
256,TR481,,Gravel,1.5,Public,Recreational,Shortcut,,,{6172AB71-33E5-486D-9F56-22761215D2CF},Active,,118.946007185794
257,TR482,,Gravel,1.5,Public,Recreational,Shortcut,,,{4C55FB6D-9569-498E-8D2E-E64DB51B022B},Active,,204.168197157549
258,TR483,,Paved,2.5,Public,Recreational,Shortcut,,,{261D964A-9AB5-481B-8FCA-53112FC30FF9},Active,,41.9814136164848
259,TR484,,Paved,2,Public,Recreational,Shortcut,,,{BE0D87ED-6133-43BF-8886-B719EAAE92A0},Active,,37.0750187517955
260,TR486,2011,Concrete,4,Public,Recreational,Recreational,,,{14E88A3A-39DF-4BBD-BA31-3A0245D4478D},Active,,89.8916332217781
261,TR470,2011,Paved,3,Public,Commuter,Commuter,,,{127C91B8-7914-4238-BC6E-52766C3C9C12},Active,,130.585541095725
262,TR487,2011,Paved,3,Public,Commuter,Commuter,,,{557C3263-1093-40F7-99B1-79FFC281EFC8},Active,,130.41003064413
263,TR489,2011,Gravel,1.5,Public,Recreational,Shortcut,,,{94E6C33A-4BF3-433E-862C-61AF7ACEB14C},Active,,40.1390637550374
264,TR492,2010,Gravel,1.5,Public,Recreational,Shortcut,,,{93FFD2BA-BD0C-42D1-8EF3-7A1C3F7C977B},Active,,210.089039168603
265,TR490,2010,Gravel,1,Public,Recreational,Shortcut,,,{A22D3A3A-817F-4836-BDC0-DDBFD8CB5664},Active,,205.826365924633
266,TR493,2010,Gravel,1.5,Public,Recreational,Shortcut,,,{13756DFE-69BA-4FEF-9745-D49B394D6BA4},Active,,72.3116983558167
267,TR494,2010,Gravel,1.5,Public,Recreational,Shortcut,,,{E7B83F8B-FB5B-4FFA-B8E1-55D6CD22E301},Active,,30.5167910394656
268,TR491,2010,Paved,2.5,Public,Recreational,Shortcut,,,{FC25A80B-9E54-4959-92D8-A16676B78E93},Active,,225.937225055758
269,TR381,2007,Paved,2.5,Public,Commuter,Commuter,Trans Canada Trail,,{085CEDB8-8CD0-44A7-B1E7-AB30262CF3D1},Active,,716.32121913089
270,TR391,2007,Paved,,Public,Recreational,Recreational,,,{060407FD-A11B-4843-B0F9-325A1CD1E6F8},Active,,89.7569097510145
271,TR392,2007,Paved,,Public,Recreational,Recreational,,,{09DFEC41-EB5F-4EE9-B06B-C7FF6133D666},Active,,26.5352348064621
272,TR334,2008,Paved,,Public,Recreational,Recreational,,,{3371A516-C4C9-4C32-99CD-7982141201F0},Active,,246.863687247692
273,TR372,2008,Paved,,Public,Recreational,Recreational,,,{317326BC-4C58-47EB-95D4-C07C4EB25C1B},Active,,79.4194866377636
274,TR359,2008,Paved,,Public,Recreational,Recreational,,,{AD584CF2-6791-4C4C-8B43-4F7147524B5D},Active,,194.072607092658
275,TR347,2008,Paved,,Public,Recreational,Recreational,,,{E5D03F6A-3513-4A9F-96BE-56E0CBFE2A27},Active,,71.5828541443448
276,TR346,2008,Paved,,Public,Recreational,Recreational,,,{4E07430D-16BF-44CB-929E-3DDFABAA161A},Active,,61.7315647374923
277,TR343,2008,Paved,,Public,Recreational,Recreational,Trans Canada Trail,,{2CFB4B81-7153-474F-8F68-82E929C9E4C4},Active,,59.7261880330113
278,TR358,2008,Paved,,Public,Commuter,Commuter,Trans Canada Trail,,{45F2F59F-75B9-453C-A228-319E88A82B1E},Active,,112.946484466922
279,TR357,2008,Paved,,Public,Commuter,Commuter,Trans Canada Trail,,{4DCC463D-B0A8-434A-B5F7-D7294CCC1CE3},Active,,213.145796343584
280,TR382,2007,Gravel,,Public,Recreational,Recreational,,,{68F218A5-5B7A-4405-9323-4749771C5EFC},Active,,46.9252960431039
281,TR356,2007,Paved,,Public,Recreational,Recreational,Trans Canada Trail,,{F58917D3-6ECB-45EE-BB8D-CEF62240A67F},Active,,250.089356156924
282,TR337,2007,Paved,,Public,Commuter,Commuter,,,{89D116BF-BDA2-4A7D-B3CA-D6F867D0C4F5},Active,,70.7891069151696
283,TR341,2007,Paved,,Public,Recreational,Recreational,,,{F12E016E-2A43-4967-85DD-C4DD6EB4D1AB},Active,,329.253353997951
284,TR452,2006,Gravel,1.5,Public,Recreational,Recreational,,,{B5BF1D90-020D-4087-965C-8B49C86E7B56},Active,,170.673397243258
285,TR035,2000,Gravel,1.5,Public,Recreational,Recreational,,,{D3DC9BBF-50A2-4AC2-9A27-11F9B86EE95C},Active,,768.797218493362
286,TR330,2000,Gravel,,Public,Recreational,Shortcut,,,{297EA782-3EE9-4FDC-BAB4-9CDD024BA906},Active,,76.3688976824073
287,TR032,2000,Gravel,1.5,Public,Recreational,Recreational,,,{A5F0A8EE-C553-426D-B283-0BE3B0CBD9B5},Active,,170.201939171037
288,TR421,2000,Gravel,1.5,Public,Recreational,Recreational,,,{DD2B5089-0212-4C4B-BE74-4D639A6F87F0},Active,,115.7903999489
289,TR027,2004,Gravel,1.5,Public,Recreational,Recreational,,,{3C4CF1EA-8BC1-4E49-B4E9-04CF4EB2F402},Active,,187.191069269275
290,TR028,2000,Gravel,1.5,Public,Commuter,Commuter,Trans Canada Trail,,{7DE5A984-2708-4340-A450-5DDD96CD1771},Active,,176.229833078383
291,TR319,2004,Gravel,1.5,Public,Recreational,Recreational,Trans Canada Trail,,{71A4158C-35AF-4D4C-9A49-6F5D0CE7344D},Active,,37.0540128719704
292,TR105,2002,Gravel,1.5,Public,Recreational,Recreational,,,{67B181BB-8213-4AEE-A462-33359D277D93},Active,,114.536204409109
293,TR110,2002,Gravel,1.5,Public,Recreational,Recreational,,,{19080258-C0B0-4B1A-B25C-291D8CDB7FFC},Active,,83.707798640141
294,TR496,2002,Gravel,1.5,Public,Recreational,Recreational,,,{C02E9AAE-673B-4C4E-84FF-3866AE16F491},Active,,201.478518629735
295,TR199,2002,Gravel,1.5,Public,Recreational,Recreational,,,{A5AECEE6-FC71-408B-A352-5C5EFA8F15CB},Active,,969.448739562333
296,TR429,2002,Gravel,1.5,Public,Recreational,Recreational,,,{1403A38D-29CB-41D0-B484-FF2C380B9FB4},Active,,281.840119257365
297,TR423,2002,Gravel,1.5,Public,Recreational,Recreational,,,{07FA2424-3292-4311-BD94-E9AD97A9EAD5},Active,,103.72378628438
298,TR082,2002,Gravel,1.5,Public,Recreational,Recreational,,,{596EDB1B-1BFE-4B45-8D78-756E5E3F421F},Active,,92.9698109621369
299,TR499,2012,Paved,1.5,Public,Recreational,Recreational,,,{283B1946-5E35-4767-84E5-2384A8377B5E},Active,,67.8727168168217
300,TR501,2012,Paved,2.5,Public,Recreational,Recreational,,,{94D0CA1A-A34C-45C7-B5AC-52E6E40B0162},Active,,177.269769503908
301,TR502,2012,Paved,2.5,Public,Recreational,Recreational,,,{766CEB41-B5BD-4AB4-AA0E-C284CB7C6104},Active,,67.3747851894085
302,TR189,2002,Gravel,1.5,Public,Recreational,Recreational,,,{9DCF34A3-DA39-4806-8C62-36405E365C40},Active,,254.959191892726
303,TR313,1995,Gravel,1.5,Public,Recreational,Recreational,,,{9E09E10E-6567-4F54-997B-632EA9DB24E8},Active,,59.7792863512
304,TR152,1995,Gravel,1.5,Public,Recreational,Recreational,,,{1BE99BB0-250F-4E75-BF40-0F1CBD5032B5},Active,,147.882888338721
305,TR079,2002,Gravel,1.5,Public,Recreational,Recreational,,,{AE803D79-D33B-4461-B0C9-8B60CCA1B7F8},Active,,429.439563352995
306,TR522,2014,Paved,2.5,Public,Recreational,Recreational,Trans Canada Trail,,{B02A409F-78B8-4956-B20B-D43F37BCA67F},Active,,477.951146306844
307,TR150,2002,Gravel,1.5,Public,Recreational,Recreational,,,{9A21B875-30BE-4B8A-B210-57D213F2AF7C},Active,,534.555865752799
308,TR441,2002,Gravel,1.5,Public,Recreational,Shortcut,,,{9DF58CC7-108C-456D-9FB2-FC6AB35A422F},Active,,61.6224409831749
309,TR201,2002,Gravel,1.5,Public,Recreational,Recreational,,,{447B339E-3AE1-47CA-8BDA-05FAF1A6D7A5},Active,,207.736600221801
310,TR158,2002,Gravel,1.5,Public,Recreational,Recreational,,,{D2FFDDCD-F238-4C70-993D-2148297A40AA},Active,,106.529005109323
311,TR151,2002,Gravel,1.5,Public,Recreational,Recreational,,,{0553FD69-2013-443D-924D-AC977D22895F},Active,,96.22358749432
312,TR148,2002,Gravel,1.5,Public,Recreational,Recreational,,,{FE7225F5-FB12-4011-B569-90BDD3902EDB},Active,,79.0018117721326
313,TR080,2002,Gravel,1.5,Public,Recreational,Recreational,,,{7E7A0584-31C1-4C4E-9406-212355799516},Active,,178.591855472376
314,TR200,2002,Gravel,1.5,Public,Recreational,Recreational,,,{546DB008-2568-4812-8E40-F2005D79DCAC},Active,,113.91579154658
315,TR298,1992,Organic,,Public,Recreational,Recreational,,,{5E2584B5-B819-4F45-A149-6E59BCE3ED9E},Active,,290.040649234968
316,TR315,2002,Gravel,1.5,Public,Recreational,Recreational,,,{7064EEB4-3376-4D5C-BDC8-49111121EB72},Active,,192.040624738011
317,TR314,2002,Gravel,1.5,Public,Recreational,Recreational,,,{6E54C865-4ED4-4F18-9469-A8F43389B5B9},Active,,305.818455805454
318,TR155,2002,Gravel,1.5,Public,Recreational,Recreational,,,{1A5793AD-E3DF-41C3-BAE4-0E178F36A466},Active,,231.624617200237
319,TR185,2002,Gravel,1.5,Public,Recreational,Recreational,,,{E566DC7B-27AF-4978-937B-99F33D0C76FF},Active,,875.463958582033
320,TR084,2002,Gravel,1.5,Public,Recreational,Shortcut,,,{3E0F643A-A475-4024-A2E6-08734D2771F8},Active,,73.9955759592995
321,TR428,2002,Gravel,1.5,Public,Recreational,Shortcut,,,{A7B0BD6D-46A0-4009-AEDF-07848A57B9D0},Active,,81.1176065658084
322,TR192,2002,Gravel,1.5,Public,Recreational,Recreational,,,{33694D29-ACEB-47B0-A995-72F5D1E71FAA},Active,,775.162634052976
323,TR297,2002,Gravel,1.5,Public,Recreational,Recreational,,,{8966DA16-B8FD-4A11-A4ED-DD3853A26FA6},Active,,348.921147334831
324,TR293,1992,Organic,0.5,Public,Recreational,Recreational,,,{53C86D56-1555-4CA1-B7D1-6A91245AEF22},Active,,1086.259100298
325,TR292,1992,Organic,0.5,Public,Recreational,Recreational,,,{65BDC4AC-B53B-4D43-AB56-E551EAF4DF00},Active,,46.0030936874375
326,TR296,1992,Organic,0.5,Public,Recreational,Recreational,,,{05E86AFB-98E9-439D-84D8-029E879ECC39},Active,,52.9231490421614
327,TR295,1992,Organic,0.5,Public,Recreational,Recreational,,,{F0F69572-0EC8-4E27-9427-9BA3ACCAD689},Active,,186.596567380619
328,TR291,1992,Organic,0.5,Public,Recreational,Recreational,,,{DD5B5311-6E1D-4EE2-B58E-47685B09F118},Active,,173.107086836362
329,TR290,1992,Organic,0.5,Public,Recreational,Recreational,,,{72A77BDC-8194-454E-AF96-9E5D86FB335D},Active,,522.930153523031
330,TR178,2002,Gravel,1.5,Public,Recreational,Recreational,,,{66850772-D540-47E9-971B-52CAF240DF74},Active,,338.841716936437
331,TR179,2002,Gravel,1.5,Public,Recreational,Recreational,,,{F54B136C-DBF7-4B5A-A0A2-A3F8DF703452},Active,,428.105221300244
332,TR096,2002,Gravel,1.5,Public,Recreational,Shortcut,,,{E7892830-55A4-418C-A9C9-5A8F2B4D9B9A},Active,,37.132190748562
333,TR193,2002,Gravel,1.5,Public,Recreational,Recreational,,,{2BD0E4D4-35B7-42DA-BDC8-975C8EF4450A},Active,,265.019905525316
334,TR180,2002,Gravel,1.5,Public,Recreational,Recreational,,,{67E0F1BC-DE3C-47F0-B443-C4F3F443BE66},Active,,52.2176646111475
335,TR427,2002,Gravel,1.5,Public,Recreational,Recreational,,,{A01F35AF-21CF-489D-8DC8-B0970BD92444},Active,,43.7455406881522
336,TR318,2002,Gravel,1.5,Public,Recreational,Recreational,,,{CE13B885-046D-43E9-AF5D-05287EA8FE98},Active,,28.3460438889398
337,TR175,2002,Gravel,1.5,Public,Recreational,Recreational,Trans Canada Trail,,{85F81443-1984-4265-A02D-74231688A81B},Active,,258.897238326884
338,TR112,2002,Gravel,1.5,Public,Recreational,Shortcut,,,{C90DF307-3FB0-4CA2-907C-12337EAAFFD7},Active,,50.1844537020514
339,TR108,2002,Gravel,1.5,Public,Recreational,Recreational,,,{333EE042-A1E6-461C-993F-32CECE13D1C4},Active,,173.521119660514
340,TR170,2002,Gravel,1.5,Public,Recreational,Recreational,,,{4D162C33-8141-4D04-BFB4-EFD0DDC8E8F4},Active,,181.619495578073
341,TR109,2002,Gravel,1.5,Public,Recreational,Recreational,,,{4BB6977D-3B69-4A73-B36E-535D4463B6DA},Active,,191.10437512359
342,TR171,2002,Gravel,1.5,Public,Recreational,Recreational,,,{5159C9F5-D987-4476-9DE6-672133B27835},Active,,219.086580216882
343,TR325,2002,Gravel,1.5,Public,Recreational,Recreational,,,{83F0FB49-E13C-444B-B295-662D1050DEF6},Active,,125.234034334324
344,TR107,2002,Gravel,1.5,Public,Recreational,Recreational,,,{C3C5857C-F8C9-46F0-968A-659AE55473EB},Active,,221.797971581859
345,TR324,2002,Gravel,1.5,Public,Recreational,Recreational,,,{CB138267-5D9E-42F0-A23D-F2E83FE86DAD},Active,,286.707485645768
346,TR321,2002,Gravel,1.5,Public,Commuter,Commuter,Miners Loop,,{50DBDC63-1596-43B6-B685-A323E13767AA},Active,,640.402862628626
347,TR213,2002,Gravel,1.5,Public,Recreational,Shortcut,Miners Loop,,{89B0042E-719E-423F-AC1F-EA9EB11A2C09},Active,,39.0772247222094
348,TR172,2002,Gravel,1.5,Public,Recreational,Recreational,Miners Loop,,{88F607EB-E91A-48C3-A560-DA35C2582126},Active,,372.946236442283
349,TR102,2002,Gravel,1.5,Public,Recreational,Recreational,,,{F99D5F63-2AFF-4AAD-8DF4-0FD057EB66B6},Active,,250.304562234917
350,TR393,1990,Organic,2.5,Public,Recreational,Recreational,,,{B2AB07EB-E3AE-4A10-B777-1DC938C7E257},Active,,227.658044000298
351,TR003,2000,Gravel,1.5,Public,Recreational,Shortcut,,,{A1133E4E-9A97-46C7-96CC-F5ED0F45752B},Active,,34.6764896898082
352,TR505,2013,Gravel,,Public,Recreational,Recreational,,,{182985BF-3D0E-4D7B-8722-1CD9EA1B3F52},Active,,676.68584269089
353,TR507,2013,Paved,2.5,Public,Commuter,Commuter,Trans Canada Trail,,{31A71DAE-E3ED-4AFB-85D6-D9D85355DBE1},Active,,1715.51488870608
354,TR485,2011,Paved,2.5,Public,Commuter,Commuter,,,{1471406E-D797-48FF-AF33-E953D313CF4F},Active,,304.305736540125
355,TR488,2011,Paved,3,Public,Commuter,Commuter,,,{806A36F8-BEFE-4F4D-B2AB-1EEE27FC703D},Active,,229.885094702026
356,TR497,2002,Paved,2.5,Public,Commuter,Commuter,,,{BB99316F-374F-46A4-BACD-4E939D80BBCC},Active,,1078.6994477318
357,TR048,2000,Gravel,1.5,Public,Recreational,Recreational,,,{398B56DF-9462-4694-96EC-440B38A0BADB},Active,,139.657881190302
358,TR005,2000,Gravel,1.5,Public,Recreational,Recreational,,,{CE9C45E9-C2E9-4740-AF57-F99DA72156C9},Active,,390.941675598742
359,TR001,2000,Gravel,1.5,Public,Recreational,Recreational,,,{8E15F531-B900-4E4C-8CBD-6A305C43260B},Active,,157.400538059606
360,TR004,2000,Gravel,1.5,Public,Recreational,Shortcut,,,{5373FA27-4873-4B66-B9B0-E63228F1BA29},Active,,81.3436665727686
361,TR514,2000,Gravel,1.5,Public,Recreational,Recreational,,,{712D2DFB-EB32-4219-9024-17F566897AA9},Active,,207.539279130495
362,TR515,2000,Gravel,1.5,Public,Recreational,Recreational,,,{A38E4B4E-5C44-43F5-AD72-C471C9596C92},Active,,39.9501605862224
363,TR024,2000,Paved,2.5,Public,Recreational,Recreational,,,{8CBEA259-F5FE-4988-8D41-B5F61D200C29},Active,,167.821226232767
364,TR017,2000,Paved,2.5,Public,Commuter,Commuter,,,{021D8700-92AB-4BD2-84A9-B15086E6C5A5},Active,,86.284181954776
365,TR511,2011,Paved,2.5,Public,Commuter,Commuter,,,{4238E546-6409-4D61-8BC0-6C9ED134DB06},Active,,1089.34556004003
366,TR394,2006,Gravel,1.5,Public,Recreational,Recreational,,,{449DFC8D-A431-4CB5-91F5-DDD4AD68963C},Active,,1070.63187182064
367,TR261,2004,Paved,2.5,Public,Commuter,Commuter,,,{501BA252-9EA8-4770-88E5-B216B38CD020},Active,,280.212214189472
368,TR517,2013,Gravel,1.5,Public,Recreational,Recreational,,,{95D43508-3621-41AE-8503-D3655066F257},Active,,221.155816843132
369,TR384,2007,Paved,2.5,Public,Recreational,Recreational,,,{3EEF191D-F5F0-4C31-89BA-860B8A4E203C},Active,,144.74363042426
370,TR385,2007,Gravel,2.5,Public,Recreational,Recreational,,,{4E1DD428-6B58-4DFC-9F69-2817CC258A87},Active,,446.77497693372
371,TR434,2007,Paved,2.5,Public,Recreational,Shortcut,,,{52227B19-BCAF-45CD-ADCF-58502500419E},Active,,23.7544340699021
372,TR386,2007,Paved,2.5,Public,Recreational,Recreational,,,{AD79EFB7-CB86-41CD-9D48-DA7987F0F7BE},Active,,160.75187231913
373,TR388,2007,Paved,2.5,Public,Recreational,Shortcut,,,{7190398A-F857-4222-8906-77CF24287A41},Active,,46.0575269726218
374,TR389,2007,Paved,2.5,Public,Recreational,Recreational,,,{E4FC134D-13A9-40DB-AB0C-CD125310A8C8},Active,,531.726864708834
375,TR395,2006,Paved,2.5,Public,Recreational,Recreational,,,{9B5CBB64-FC4A-4D78-B518-94B891B28560},Active,,22.7658806949082
376,TR512,2013,Paved,2.5,Public,Recreational,Shortcut,,,{EA588B1F-50B3-4192-8C28-CD9A0EDF3368},Active,,57.3259358675363
377,TR513,2013,Paved,2.5,Public,Recreational,Shortcut,,,{7CE16F9B-4C27-4B12-BEDB-BF542553C1CC},Active,,41.1716423473064
378,TR519,2014,Paved,2.5,Public,Commuter,Commuter,,,{771A3849-58D5-452D-AD52-480BCC9BF184},Active,,809.00274096411
379,TR366,1990,Gravel,,Public,Recreational,Recreational,,,{B6A60A60-FCE5-49A6-8662-F953FADBD24C},Active,,401.873659071776
380,TR525,2014,Paved,2.5,Public,Commuter,,,,{B64FA591-F208-46C5-9392-55729AC0717D},Active,,18.5781687956016
381,TR390,2006,Paved,2.5,Public,Recreational,Recreational,,,{3E3B2BE6-1FD9-4EF9-8F69-5D3D7311991B},Active,,952.597245083217
382,TR516,2013,Paved,2.5,Public,Commuter,Commuter,,,{41956333-46DB-41FE-BA62-579F2586344B},Active,,464.471845915757
383,TR520,2014,Paved,2.5,Public,Commuter,Commuter,,,{4EB8D761-C3C9-4D5B-9B92-865A03953B7A},Active,,324.793131428324
384,TR527,2014,Paved,2.5,Public,Commuter,,,,{D2A09130-4E46-4DB9-850C-89CF6C49FC55},Active,,54.0520079274709
385,TR524,2014,Paved,2.5,Public,Commuter,Commuter,,,{8E95C5EA-4789-4D9F-B7C3-6BC940BF19EC},Active,,236.944399233596
386,TR528,2014,Paved,2.5,Public,Commuter,Commuter,,,{65DA5F9B-87A8-4229-830A-02FA9DACEDA4},Active,,97.9226649364315
387,TR529,2014,Paved,2.5,Public,Commuter,Commuter,,,{CBC8BDA5-293A-4585-8F03-218107542BB2},Active,,45.7979639944461
388,TR531,,Paved,,Public,Recreational,Shortcut,,,{6C0CD485-F372-4AB8-849B-F77C6BBF9EF2},Active,,29.3588582244452
389,TR533,2002,Paved,,Public,Commuter,Commuter,Trans Canada Trail,,{B88CD472-5C6C-4C49-9A7A-A6B18BB22ED3},Active,,420.737754943932
390,TR348,2002,Paved,,Public,Commuter,Commuter,,,{D629FE57-3E47-4D12-97F0-CC7E7E5FE8B3},Active,,327.680357590105
391,TR518,2011,Gravel,2.5,Public,Recreational,Recreational,,,{52F02D8C-9F32-43E6-8FA1-E283FB9A1E64},Active,,204.70443232537
392,TR535,2014,Paved,2.5,Public,Recreational,Recreational,,,{154FB74F-024B-4B11-9F5B-99811FEA3530},Active,,58.195066842596
393,TR400,2009,Paved,2.5,Public,Commuter,Commuter,Cougar Creek Commuter,,{00693324-691E-4710-A2A1-A72F12D4F26D},Active,,713.139189814616
394,TR132,2008,Paved,1.5,Public,Commuter,Shortcut,,,{C64146DA-74C9-4F82-A969-EE1215C9E082},Active,,75.4466502841545
395,TR538,,Organic,,Public,Recreational,Recreational,,,{1D356AEE-AF8A-4157-8F19-86BE958C35D1},Active,,403.90219790681
396,TR416,2002,Paved,1.5,Public,Recreational,Shortcut,,,{954E6FB4-2661-4001-A6BE-0E882D1AB72B},Active,,86.7029638497859
397,TR532,2002,Paved,1.5,Public,Commuter,Commuter,Trans Canada Trail,,{2BE40D6A-4A5F-473A-8CA1-5E4CDA088E74},Active,,179.410587644079
398,TR099,2002,Gravel,3,Public,Recreational,Recreational,Trans Canada Trail,,{26921817-03B3-438A-A66B-C2324DB24D86},Active,,637.723738631792
399,TR228,2000,Paved,1.5,Public,Recreational,Shortcut,,,{2791BFFB-2BC5-4F29-8AC4-F2BBE6A4DAA0},Active,,25.7502354199559
400,TR536,2015,Paved,2.5,Public,Commuter,Commuter,Trans Canada Trail,,{118E2D9F-7E65-498F-A482-FBD7F1E840A8},Active,,65.5909277741784
401,TR477,,Gravel,1.5,Public,Recreational,Recreational,,,{F54AB6F7-2B36-4FC1-B59F-FFE50302BC7F},Active,,236.115632973231
402,TR539,2015,Paved,1.7,Public,Recreational,Recreational,,,{5D98A450-E92B-4911-9A9B-4FDE9EF918CD},Active,,67.3214361334221
403,TR537,2015,Paved,,Public,Recreational,,,,{7F791979-C83F-4B7D-9AF2-3EA9E34DE4B5},Active,,57.8293080686345
404,TR540,,Organic,,Public,Recreational,Recreational,Quarry Lake Dog Pond Trail,,{E9196D74-3145-462F-A263-D878B162AAFC},Active,,854.849179273231
405,TR543,2016,Asphalt,3.5,Public,Commuter,Commuter,Roundabout Pathways,,{1F46055F-A6EE-4A23-84A2-BECF60F7361D},Active,,49.8580906970922
406,TR544,2016,Asphalt,3.5,Public,Commuter,Commuter,Roundabout Pathways,,{CE078314-964E-43F9-A6D6-9CFC992B28EC},Active,,42.9199970120016
407,TR545,2016,Asphalt,3.5,Public,Commuter,Commuter,Roundabout Pathways,,{1B5D165A-E94A-48D2-9098-37723699A452},Active,,19.9508307763093
408,TR546,2016,Concrete,3.5,Public,Commuter,Commuter,Roundabout Pathways,,{89EF3EE0-667B-431A-A33A-0CF74DCD0CA8},Active,,67.5176248387282
409,TR547,2016,Concrete,3.5,Public,Commuter,Commuter,Roundabout Pathways,,{EA126A6D-30A1-489E-806F-B1CBF166D3F0},Active,,19.9875517478575
410,TR548,2016,Gravel,3.25,Public,Commuter,Commuter,Roundabout Pathways,,{5290A156-6D4F-4C91-98BB-C83CF80BA5F9},Active,,91.9533101085756
411,TR549,2016,Concrete,3,Public,Commuter,Commuter,Roundabout Pathways,,{39D39181-D1AB-4C5E-B13A-A761BA0F53FD},Active,,175.064600892521
412,TR550,2016,Concrete,3.5,Public,Commuter,Commuter,Roundabout Pathways,,{F574D422-2888-4B61-A054-D9E5FDB97A65},Active,,6.13086533421582
413,TR448,,Paved,2.5,Public,Recreational,RecreationalRecreational,,,{A6D931B9-4F1A-45E7-832F-1861CE2EEA2C},Active,,245.752624336083
414,TR551,2016,Asphalt,3.25,Public,Commuter,Commuter,Roundabout Pathways,,{0134C3A1-8C69-43ED-B4D7-140168675BF6},Active,,91.5673496860938
415,TR553,2017,Asphalt,2.5,Public,Commuter,Commuter,Trans Canada Trail,,{B5A52AE0-151F-46CB-9530-8B82640A5702},Active,,127.668731854288
416,TR554,2017,Asphalt,2.7,Public,Commuter,Commuter,,,{27696EAF-9AAE-42D4-AB91-B8535D96030B},Active,,111.760546364835
417,TR555,2017,Asphalt,1.5,Public,Commuter,Commuter,,,{4E0B0A7F-DFD0-4A43-B6EA-240B3BE897A5},Active,,111.728907158224
418,TR559,2017,Concrete,8.5,Public,Commuter,,,,{B2079261-602C-41E9-A9D8-C887B547EF8E},Active,,40.1140174787826
419,TR125,2002,Paved,1.5,Public,Recreational,Shortcut,,,{1B8E3958-FA56-4CA8-8A0C-00CB640ABC54},Active,,38.8172394565526
420,TR560,2017,Asphalt,2.5,Public,Commuter,,,,{D601FFDC-1CC5-466E-B908-866A524B42DF},Active,,55.5879797954883
421,TR561,2017,Gravel,4,Public,Commuter,,,,{EFFC6298-C625-4606-B536-8E6B6073B474},Active,,391.852046936764
422,TR562,2017,Asphalt,3.5,Public,Commuter,,,,{70941FFF-432D-42FD-8F0B-E38179C0F834},Active,,107.267463311481
423,TR563,2017,Asphalt,3.5,Public,Commuter,,,,{E06BF026-4F38-4001-860E-BF04947F333A},Active,,142.669365643806
424,TR564,2017,Asphalt,3.5,Public,Commuter,,,,{B6CE21C0-8A96-41F2-B9DF-DC8495BF3EDD},Active,,48.9467645631902
425,TR565,2017,Asphalt,3.5,Public,Commuter,,,,{4AF370C7-C221-4720-AC22-27EE59CD0DD1},Active,,363.436674010611
426,TR566,2017,Asphalt,3.5,Public,Commuter,,,,{D2B231CD-F4C8-41B9-A4CA-97F46557E89D},Active,,60.6963484041371
427,TR567,2017,Asphalt,2.5,Public,Commuter,,,,{383F61E3-2181-4741-B804-391D53C5AD79},Active,,38.6648518934881
428,TR568,2017,Asphalt,3,Public,Commuter,,,,{D6E375A7-B638-4305-844C-C6F1733D00E4},Active,,85.9352703792112
429,TR569,2017,Gravel,2,Public,Commuter,,,,{ACCD3271-D2D3-4757-8F26-F1CC4631885B},Active,,494.064771117818
430,TR071,2003,Paved,1.5,Public,Commuter,Shortcut,,,{31D8B76D-B53C-4B00-8C81-5A130BA60717},Active,,28.3534098047535
431,TR570,2017,Gravel,2,Public,Commuter,,,,{BF809F64-7AE2-43F5-9516-399940AB0DAD},Active,,539.60861227519
432,TR571,2017,Gravel,2,Public,Commuter,,,,{B937056C-0D6F-4A99-B115-95A261FE1833},Active,,197.624736073807
433,TR572,2017,Asphalt,3,Public,Commuter,,,,{E058DFCA-01C5-485C-A146-39C200561F4F},Active,,40.1271017545889
434,TR573,2017,Asphalt,2.75,Public,Commuter,,,,{30A2E6C9-E798-48B1-A4B4-BF675A14CA39},Active,,46.9160414250145
435,TR574,2017,Gravel,4,Public,Commuter,,,,{C2C227E2-1D77-4D1A-90BD-A4130643A402},Active,,393.441116665749
436,TR575,2017,Gravel,2,Public,Commuter,,,,{52A8EE2D-E270-4AFB-BF9E-CE7EEA713F6C},Active,,15.5086830686547
437,TR576,2017,Gravel,4,Public,Commuter,,,,{E5224723-D543-4F0F-9DE4-D0A05E4DC07B},Active,,310.135074404185
438,TR577,2017,Gravel,1.5,Public,Commuter,,,,{A5948937-714E-406E-B441-950EFABE19DE},Active,,453.450411895053
439,TR578,2017,Gravel,1.5,Public,Commuter,,,,{324FAE0E-E783-4E1D-8C7F-79CBB64F78EB},Active,,386.532911059206
440,TR579,2017,Gravel,1.5,Public,Commuter,,,,{F5C65D21-7FC6-4700-B1B3-982B2BE4B2FB},Active,,340.383331037621
441,TR580,2017,Asphalt,3.5,Public,Commuter,,,,{62A7FAFE-BE17-440D-B5E1-72CD2AB57906},Active,,473.036586781408
442,TR581,2017,Asphalt,3,Public,Commuter,,,,{3B6447CC-2667-4B7D-BD3B-E05CF9503C3C},Active,,28.087856716419
443,TR582,2017,Concrete,9,Public,Commuter,,,,{7AA347D3-D807-4209-A1CC-74EDB4A11A7A},Active,,36.5518094881888
444,TR583,2017,Asphalt,3.5,Public,Commuter,,,,{CDB22C3C-555F-40D4-9882-DE253518F11A},Active,,125.511494823543
445,TR584,2017,Asphalt,3,Public,Commuter,,,,{EAED3D82-1B35-4971-82D5-46C2DB40AE56},Active,,44.2594184480918
446,TR585,2017,Asphalt,3.5,Public,Commuter,,,,{69DE9768-9C34-4C25-AA58-B6240F871A5F},Active,,357.456349516485
447,TR586,2017,Gravel,1.5,Public,Recreational,,,,{67D2918B-2E43-4507-BDE3-3BAC369A75A8},Active,,16.2088694690131
448,TR029,2004,Gravel,1.5,Public,Recreational,Recreational,,,{5052CF41-C367-40DD-BCBA-CB29D6D01C98},Active,,89.6902833547353
449,TR025,2000,Gravel,1.5,Public,Recreational,Recreational,,,{CE0010A8-1CF1-491C-AC74-12344FB4F18B},Active,,381.90068862838
450,TR526,2014,Paved,2.5,Public,Commuter,Commuter,,,{3DF503D8-9AA9-4392-9DD2-F6F54756344C},Active,,248.873391038837
451,TR587,2017,Concrete,2,Public,Commuter,,,,{14420817-4B84-4962-A0B4-D6D8CE8999E6},Active,,28.0460227214904
452,TR591,2017,Concrete,2,Public,Commuter,,,,{295CFF2A-AF9D-4829-BD53-F3380FF9394F},Active,,576.455646693647
453,TR588,2017,Concrete,2,Public,Commuter,,,,{7CA06772-1D61-44D3-A712-3507F0FB75D9},Active,,57.1062625756772
454,TR590,2017,Concrete,2,Public,Commuter,,,,{B44370A3-3E60-44ED-A2CE-6DAF866F4F71},Active,,112.455567885589
455,TR589,2017,Concrete,2,Public,Commuter,,,,{756B1F8F-EC96-4968-AF6B-540663334B87},Active,,642.702672530275
456,TR362,2008,Gravel,,Public,Recreational,Recreational,,,{1A900F36-CBEE-4C99-B775-A0C21C9A162A},Active,,47.1313822647788
457,TR592,,Gravel,,Public,Recreational,,,,{F2E1ED7E-B585-430F-9FA1-DEAC01B1EB66},Active,,34.2151612220886
458,TR361,2008,Gravel,,Public,Recreational,Recreational,,,{5EF451EA-B3E0-4C42-A07C-B68A4EB471A4},Active,,17.4001081903623
459,TR360,2008,Gravel,,Public,Recreational,Recreational,,,{12D5B184-A0A0-4A50-AF5B-6AA3396657A4},Active,,361.019731243303
460,TR373,2008,Gravel,,Public,Recreational,Recreational,,,{5E32D23C-46BD-4AA7-94F0-07AD81A58B7C},Active,,25.5737583493952
461,TR156,2002,Gravel,1.5,Public,Recreational,Recreational,Transcanada Trail,,{EF66757F-F2B6-4919-A341-2401AD193FA6},Active,,277.705186368527
462,TR498,2012,Paved,2.5,Public,Recreational,Recreational,,,{A7670169-4849-4E30-9FFA-F3FD599C0E98},Active,,68.1104025522119
463,TR593,2017,Paved,2.5,Public,Commuter,Commuter,,,{7DAD374C-4F61-4322-9F64-C8A3D1F3A55A},Active,,160.555270224722
464,TR599,2019,Paved,2.5,Public,Commuter,Commuter,,,{A1E6600C-00A9-43DA-9153-410BF6DDB832},Active,,103.824616445464
465,TR603,2014,Asphalt,1.8,Public,Commuter,Commuter,,,{FD7DA172-D347-4163-AE8F-5CFF70A113D1},Active,,75.6514309583132
466,TR604,2014,Asphalt,1.8,Public,Commuter,Commuter,,,{F087E325-E8DC-4865-8C6D-38D242D57D15},Active,,37.1015173253199
467,TR606,2017,Gravel,1,Public,Recreational,Recreational,,,{170ED1FD-D11F-4F05-82C6-D18373285FBF},Active,,34.9066224243705
468,TR608,2019,Paved,2.5,Public,Commuter,Commuter,,,{5491C04B-A9C2-47D2-9D48-B5E60F8EB90A},Active,,26.5257842381183
469,TR609,2019,Paved,2.5,Public,Commuter,Commuter,,,{EDC7EE42-0A9F-484E-9FDD-51A65B66FA8B},Active,,28.8077022338708
470,TR610,2019,Paved,2.5,Public,Commuter,Commuter,,,{F5ADF375-11CB-415D-B6A2-9EFFFF021D4F},Active,,7.63807025198497
471,TR611,2019,Paved,2.5,Public,Commuter,Commuter,,,{E340C7E5-0177-499A-A5C6-0DECB44B6D37},Active,,23.3322199723675
472,TR612,2019,Paved,2.5,Public,Commuter,Commuter,,,{5B510339-E91A-4AD9-8A9B-DC4B6CE3B909},Active,,258.915184703703
473,TR613,2019,Paved,2.5,Public,Commuter,Commuter,,,{2DBC4BC5-708D-4609-82D2-6DE73C9B49A8},Active,,9.37073591525455
474,TR607,2017,Paved,2.5,Public,Commuter,Commuter,,,{88B2DE0A-1D7C-46CE-9BCA-5C6E25EA91F6},Active,,218.926553534467
475,TR594,,Concrete,,Public,Commuter,Commuter,,,{8584A453-C332-4068-A66E-447F5DB36DE6},Active,,235.606096683756
476,TR595,,Concrete,,Public,Commuter,Commuter,,,{96599A9F-3D04-4B83-B957-747318FC5B96},Active,,298.180491530791
477,TR600,2018,Paved,1.5,Public,Commuter,Commuter,,,{2CEDF983-683A-4BE1-95B4-8F299D26CAA4},Active,,18.6820520533918
478,TR598,2018,Paved,1.5,Public,Commuter,Commuter,,,{29A05144-2CA4-4EFA-BB54-C9E48B1B7CF7},Active,,37.2482836042876
479,TR601,2018,Paved,1.5,Public,Commuter,Commuter,,,{1644CD1B-252E-4C00-922F-7BCFF0F7945F},Active,,16.2150301838186
480,TR615,2019,Gravel,,Public,Recreational,Recreational,Pond equipment access stairs,,{DE72934C-070C-44D6-95F3-D5724BCF8B44},Active,,7.62021059486276
481,TR036,2004,Paved,1.5,Public,Recreational,Recreational,,,{025D7B27-1C8A-49EA-A74A-09DDAC230957},Active,,677.200666985021
482,TR616,2017,Gravel,1.5,Public,Recreational,Recreational,,,{154D0154-66A4-4BED-85C2-9C55AE6C983C},Active,,140.770417780694
483,TR617,2017,Gravel,1.5,Public,Recreational,Recreational,,,{E0023788-26B6-4CBF-A1CE-10DE26790875},Active,,56.9038941682418
484,TR618,2017,Gravel,1.5,Public,Recreational,Recreational,,,{5B42FF97-E98A-40C2-85E0-B022A88EDC0B},Active,,387.126599599427
485,TR619,2017,Gravel,1.5,Public,Recreational,Recreational,,,{B9E8ADFE-4F89-4705-BBCA-35F137FDED4F},Active,,103.729762531118
486,TR620,2017,Asphalt,1.5,Public,Commuter,Recreational,,,{C8234643-52CF-42C6-9369-3EFBA68DAE2C},Active,,310.49548326253
487,TR621,2017,Concrete,1.5,Public,Recreational,Recreational,,,{126471EF-3FFD-42DC-A14E-3DAE2F612C65},Active,,48.674604414249
488,TR622,2017,Gravel,1.5,Public,Recreational,Recreational,,,{2F9FC05A-53ED-4898-8A32-583CDB7496F9},Active,,41.2107496997589
489,TR623,2017,Asphalt,2.5,Public,Commuter,Commuter,,,{779056DC-A515-44C5-87D4-BECD629731D9},Active,,300.941836413008
490,TR624,2017,Asphalt,2.5,Public,Commuter,Commuter,,,{8661BA5F-F289-430D-B995-277590839D8E},Active,,554.749277135661
491,TR625,2017,Asphalt,2.5,Public,Commuter,Commuter,,,{44EBA7C0-3F0F-4BF4-8F61-433E864E732C},Active,,147.253772391813
492,TR626,2017,Asphalt,1.5,Public,Commuter,Commuter,,,{7B9AC284-107C-4076-B15B-A2FE9A21DF8C},Active,,331.06467022488
493,TR627,2017,Gravel,1.5,Public,Recreational,Recreational,,,{586ACB7A-7D8C-47BC-849D-8DB75965D280},Active,,170.256980396502
494,TR628,2017,Gravel,1.5,Public,Recreational,Recreational,,,{B2AD8F0A-7DA7-48C2-8D83-5CC32050D96B},Active,,147.009096126794
495,TR629,2017,Asphalt,3,Public,Commuter,Commuter,,,{088BAE48-086C-4F52-A9B8-C9C2D438F95B},Active,,160.13997233481
496,TR630,2017,Asphalt,3,Public,Commuter,Commuter,,,{D7680052-4EEC-4083-BAEA-F14960990F57},Active,,43.6909601130888
497,TR632,2006,Paved,2.5,Public,Recreational,Recreational,,,{C6152ACD-E8EF-4AF5-9E2B-7F2939D8B3EF},Active,,431.444115737962
498,TR631,2020,Gravel,1,Public,Recreational,Shortcut,,,{50CB5467-F541-4336-9A2E-8EED3FC46BED},Active,,15.5430949629877
499,TR635,2020,Asphalt,3,Public,Commuter,Commuter,,,{9C5EBFD3-D604-4B5F-AE08-91423A15A899},Active,,297.76559668087
500,TR636,2020,Paved,1,Public,Recreational,Recreational,,,{770BB0C4-F62E-4DD4-AF41-D75A47C379D0},Active,,139.696092552206
501,TR638,2020,Gravel,1,Public,Recreational,Recreational,,,{55A5DAF7-9D80-40D2-AEC6-31B130BA3F6F},Active,,5.46352825809895
502,TR639,2020,Paved,6,Public,Recreational,Recreational,,,{A921BA07-E6BD-492A-86A5-F4BC1F2821BA},Active,,8.54799946111747
503,TR640,2020,Paved,2.5,Public,Recreational,Recreational,,,{055563C2-E822-4390-943E-C0CC358A217A},Active,,128.705355666638
504,TR642,2017,Concrete,1.5,Public,Recreational,Recreational,,,{B74447F2-3186-479A-82B2-EADE623EC80D},Active,,27.0759122021291
505,TR641,2020,Gravel,1.5,Public,Commuter,Commuter,,,{031980D8-1BCC-4872-A3CF-6251D6D3A139},Active,,499.279588741269
506,TR644,2020,Gravel,1.5,Public,Recreational,Recreational,,,{9DB61ACF-D4E5-4246-8687-F0818F4FA9F4},Active,,152.209291422632
507,TR643,2020,Gravel,1.5,Public,Recreational,Recreational,,,{0E5B0D7C-B2F3-47AC-A748-87DD8B97D200},Active,,36.0778750757236
508,TR281,2004,Gravel,1.5,Public,Recreational,Recreational,,,{405FF5A6-BC3D-469D-ABD2-A065C7C01042},Active,,1614.68054794408
509,TR541,,Organic,,Private,Recreational,Recreational,ACA Trails,,{133D1CD4-D021-4B84-ABCD-E96A8EEA0909},Active,,1912.78994167409
510,TR542,,Organic,,Private,Recreational,Recreational,ACA Trails,,{ABAA8319-295D-4539-B719-1AA436F14841},Active,,551.405312474517
511,TR146,2002,Wood,1.5,Public,Recreational,Recreational,,,{FC19B6EC-5A33-47B3-BF16-5ACD6ADF5318},Active,,598.445214982846
512,TR645,2009,Gravel,2,Public,Commuter,Commuter,,,{E572BFC0-A8F2-47D6-9A49-8F3E71A6F184},Active,,82.5589900568904
513,TR038,2004,Gravel,1.5,Public,Recreational,Recreational,,,{B7CB347B-6C98-4656-9ECB-14632B62C43A},Active,,334.845669594509
514,TR210,2002,Organic,1.5,Public,Recreational,Recreational,,,{2B1B4C26-4B74-486F-9499-20C26FDE6A7D},Active,,467.163918009406
515,TR274,2009,Gravel,,Public,Recreational,Recreational,,,{B4F9F723-A4A7-4734-A8C7-E6EC773BA6A6},Active,,288.477637693828
516,TR646,2000,Gravel,1.5,Public,Recreational,Shortcut,,,{9961D2F4-0AE0-4BC6-B0FF-E64AEC4E8061},Active,,61.2222478555609
517,TR647,2005,Gravel,1.5,Public,Recreational,Recreational,,,{188493B3-1B39-48BE-B437-A811F6742A23},Active,,61.8541118760805
518,TR665,2021,Paved,2.5,Public,Commuter,Commuter,,,{C097B4DB-E69D-4DF8-86F3-C03BBFD31A39},Active,,160.449779068067
519,TR666,2021,Paved,3,Public,Commuter,Commuter,,,{00B691D0-0EE2-4981-8DBB-C1300986B982},Active,,47.428798264991
520,TR196,2002,Paved,2.5,Public,Commuter,Commuter,,,{F466AF4F-19D1-4B56-BD17-2240D5551A95},Active,,21.311606698216
521,TR445,2002,Paved,2.5,Public,Recreational,Shortcut,,,{1AA0F842-4A25-44EB-91C6-59FD1F47E844},Active,,35.0786793905409
522,TR667,2021,Paved,2.5,Public,Commuter,Commuter,,,{751375E0-2271-46EC-B568-19D30C61FBB7},Active,,14.6046785872109
523,TR668,2021,Paved,2.5,Public,Commuter,Commuter,,,{02F30757-D54C-45AD-9D99-875E33A6B14D},Active,,15.0998964505339
524,TR331,1997,Gravel,,Public,Recreational,Recreational,,,{1CAE9A37-0482-48B3-B784-331A562BF694},Active,,736.09561343366
525,TR672,2021,Paved,4,Public,Commuter,Commuter,,,{829D2289-2811-47A4-8E57-5C3CD666E3B9},Active,,12.3220931227083
526,TR633,2020,Asphalt,2.5,Public,Commuter,Commuter,,,{9B4FB8E6-C808-40A3-B1C6-1FD6031D980F},Active,,159.646518329039
527,TR674,2021,Paved,3,Public,Commuter,Commuter,,,{43230BCC-9592-4D2F-9B26-C70E440D2B27},Active,,331.648278482237
528,TR675,2021,Paved,3,Public,Commuter,Commuter,,,{00EDBDEA-8B60-43E0-A564-872E7D8D1609},Active,,9.55028842582467
529,TR676,2021,Paved,3,Public,Commuter,Commuter,,,{33C2E50F-FEDD-488B-BEB6-45747EF00DF9},Active,,9.47884344525805
530,TR677,2021,Paved,3,Public,Commuter,Commuter,,,{8899BBAF-B8B6-48F0-B628-16C159AA2EE5},Active,,15.8266893346214
531,TR679,2021,Paved,3,Public,Commuter,Commuter,,,{E424524F-B3C3-4067-A4A3-067C794EB264},Active,,138.779468409609
532,TR634,2020,Asphalt,3,Public,Commuter,Commuter,,,{2C56DA7A-7A8A-415B-B835-4E47DD63F590},Active,,233.306936605295
533,TR680,2021,Paved,3,Public,Commuter,Commuter,,,{3F9A1D40-9B11-400A-AB73-FAF7DF98D199},Active,,68.9941271603097
534,TR681,2021,Paved,3,Public,Commuter,Commuter,,,{3E524CF8-CE7F-49E8-B350-E99D225FB806},Active,,144.546273410308
535,TR556,2017,Asphalt,2.7,Public,Commuter,Commuter,,,{B2AC862F-E7C9-4310-9F16-4677850EC559},Active,,96.8410447355771
536,TR552,2017,Concrete,3,Public,Commuter,Commuter,Bow Valley Trail CPR Corridor,,{90DC1DC0-F925-4EF9-98FA-0CC08E4AB959},Active,,91.2513810283356
537,TR614,2017,Gravel,3,Public,Commuter,Commuter,,,{08C0EB6A-E47F-47A5-9900-0BD04F309B41},Active,,22.80083595553
538,TR682,2021,Paved,3,Public,Commuter,Commuter,,,{50AAE67A-48B9-40FA-8ECA-FC960983C25A},Active,,206.440588607274
539,TR683,2021,Paved,3,Public,Commuter,Commuter,,,{26A2CE0A-7E3B-4DF8-84EF-E54646EF6309},Active,,131.237675901199
540,TR684,2021,Paved,3,Public,Commuter,Commuter,,,{776009DD-9259-48E0-9F29-6E24AF4323DA},Active,,145.941942187333
541,TR685,2021,Paved,3,Public,Commuter,Commuter,,,{2D65E236-39A4-4932-95FA-442875F34712},Active,,172.851834288262
542,TR475,2002,Paved,1.5,Public,Recreational,Recreational,,,{1F6D3DD3-0A10-44F2-9D72-FB3C6924D552},Active,,45.4710912338747
543,TR474,2002,Paved,1.5,Public,Recreational,Recreational,,,{25B3A2F0-BCD1-4B24-9DFC-1AEF3D774F93},Active,,39.124133628857
544,TR686,2021,Paved,2.5,Public,Commuter,Commuter,,,{C765389B-4DCB-4528-8D67-55ECE54DA6B4},Active,,23.7188884930575
545,TR687,2021,Paved,3,Public,Commuter,Commuter,,,{81B24963-4DC5-4943-BFA0-F7A820CA79CA},Active,,17.3552330074669
546,TR688,2021,Paved,1.5,Public,Commuter,Commuter,,,{1AEFFE99-EE97-47D9-BCEB-AE73F3510F40},Active,,36.1375000370995
547,TR534,2011,Paved,2.5,Public,Recreational,Recreational,,,{753600F0-DC1A-4BD7-B577-9C583827C80E},Active,,300.749348604486
548,TR670,2021,Paved,3,Public,Commuter,Commuter,,,{9D2370C3-15D1-456A-8209-88D050FCCE1C},Active,,84.0338714105093
549,TR146,2002,Gravel,1.5,Public,Recreational,Recreational,,,{A6CAC965-DD7B-4B3C-BC49-72E3114F661F},Active,,255.056368344961
550,TR689,2021,Paved,4,Public,Commuter,Commuter,,,{7E73276F-A88B-4125-AFC6-F7D572A0484F},Active,,192.622268959084
551,TR602,2014,Paved,2,Public,Commuter,Commuter,,,{B54837FE-1BD1-450A-ABD7-8C289CB892A7},Active,,48.5831083816341
552,TR605,2017,Gravel,1,Public,Recreational,Recreational,,,{B64CDA5A-E6A9-4838-97DD-45B8941CB11A},Active,,89.6810829277597
553,TR691,2021,Paved,4,Public,Commuter,Commuter,,,{9418216F-98C2-4844-91BC-1968348F20D9},Active,,6.85742791637109
554,TR692,2021,Paved,4,Public,Commuter,Commuter,,,{C3F4EEDB-6D76-438F-88A0-5C1F60F13106},Active,,6.37049060589441
555,TR693,2021,Paved,5,Public,Commuter,Commuter,,,{153956B4-7D6F-41B2-8B5F-B3BA602415C1},Active,,14.3317758119756
556,TR694,2021,Paved,5,Public,Commuter,Commuter,,,{90E96D8A-155E-455E-9FAB-B563E824F4BE},Active,,11.6867769579224
557,TR695,2021,Paved,5,Public,Commuter,Commuter,,,{D716EBAB-55BB-44B3-A4BD-90515E398EDA},Active,,17.8016728489159
558,TR275,2002,Paved,2.5,Public,Commuter,Commuter,,,{7AF8D1E1-AE22-4447-958A-8C087EDA21C4},Active,,92.2521911380116
559,TR690,2021,Paved,4,Public,Commuter,Commuter,,,{E2B43BD5-A703-4B3F-9354-09C7AAB4D366},Active,,1211.43694001869
560,TR678,2021,Paved,3,Public,Commuter,Commuter,,,{A9BBC788-2C2F-4BCE-9AAC-F368AFB224BD},Active,,78.1583400567934
561,TR696,2021,Paved,3,Public,Commuter,Commuter,,,{F4C11E73-2442-42BA-BE65-34B0D0A8C8DA},Active,,5.48533844729598
562,TR669,2021,Paved,2.5,Public,Commuter,Commuter,,,{9936DA01-BBBC-4E16-A21B-383CAAB058A6},Active,,170.483636823578
563,TR673,2021,Paved,3,Public,Commuter,Commuter,,,{9C8ED841-AE3C-4ED2-A502-9C43F48D38E3},Active,,9.41897471875355
564,TR276,2002,Paved,2.5,Public,Commuter,Commuter,,,{2E6E16DE-3981-47D8-BFB7-E89FAAF3A742},Active,,1118.69752558041
565,TR405,2009,Paved,0,Public,Commuter,Commuter,,,{5000B869-1ABD-4BF3-9E52-0488F900F640},Active,,779.075590424771
566,TR637,2020,Paved,2.5,Public,Commuter,Commuter,,,{73BE6D8B-DB54-482F-9D36-41ACF7EE4C57},Active,,250.710999306348
567,TR449,,Concrete,2.5,Public,Recreational,Recreational,,,{06728454-5B62-4AF1-BA2A-017713ED58A6},Active,,450.642442976044
568,TR450,,Concrete,2.5,Public,Recreational,Recreational,,,{C6DE68CF-10DE-47C3-88E5-E51241579820},Active,,154.360983966415
569,TR671,2021,Paved,4,Public,Commuter,Commuter,,,{F1BFE8A6-0A86-4849-81DC-633800BB0380},Active,,236.219234375839
570,TR509,2013,Paved,2.5,Public,Recreational,Recreational,,,{7FFC248B-5A8D-46B3-89F6-BB2BFB7754C3},Active,,972.900729391351
571,TR664,2021,Paved,3,Public,Commuter,Commuter,,,{97EF72A1-694F-440B-9139-D16B493FA3F2},Active,,441.308496259213
572,TR697,2021,Paved,2.5,Public,Commuter,Commuter,,,{C8E8626B-13FB-492B-ADD7-A37788351B20},Active,,54.2574916302275
573,TR698,2021,Gravel,1.2,Public,Recreational,Recreational,,,{BD89DCF3-FF75-4B88-9167-F4E7209B5E90},Active,,92.0982726601289
574,TR699,2021,Gravel,1.2,Public,Recreational,Recreational,,,{5129536B-DCCA-4CC5-9AFB-584026E1C5EE},Active,,16.6431145814204
575,TR596,2019,Organic,0.5,Public,Recreational,Recreational,Rundle Downhill Option,,{E082D59D-B1AE-492A-A75B-7C67654E9970},Active,,252.857517417432
576,TR597,2019,Gravel,2.5,Public,Commuter,Recreational,Legacy Trail Extension,,{21369EDB-E515-4B88-81B6-62B8C7693951},Active,,799.093980703558
577,TR702,2021,Paved,2.5,Public,Commuter,Commuter,,,{D59DC9D8-ABB8-41E8-8666-0D84037CE97F},Active,,346.470891013309
578,TR703,2021,Paved,2,Public,Commuter,Commuter,,,{332FEF7D-5024-43C4-BF84-D025EE151327},Active,,29.6369227219664
579,TR704,2021,Paved,3,Public,Commuter,Commuter,,,{3997D666-172F-49ED-9CEF-CEEEC90DE89A},Active,,7.36008342663559
580,TR705,2021,Paved,3,Private,Commuter,Commuter,,,{1A8B4A82-E034-48A6-B77A-1963B8CA6E72},Active,,124.839988275836
581,TR706,2021,Paved,3,Public,Commuter,Commuter,,,{7D10A128-EA1B-455C-8325-359DBFD1FF1B},Active,,23.5190865343715
582,TR707,2021,Paved,3,Public,Commuter,Commuter,,,{9AB80C40-759A-418E-8A6B-FD9270090541},Active,,15.2662419700374
583,TR708,2021,Paved,3,Public,Comuter,Commuter,,,{CE55C216-5BE7-45AC-87E5-B0C61BA8A033},Active,,7.53407901697516
584,TR700,2021,Paved,2.5,Public,Commuter,Commuter,,,{791E7FF8-BA12-429F-A67F-819ADFCEBC2F},Active,,91.4953682882688
585,TR701,2021,Paved,2.5,Public,Commuter,Commuter,,,{38EB773F-6CDB-4AE0-8C14-3FC021998B48},Active,,19.0157894313519
586,TR709,2021,Paved,2.5,Public,Recretational,Recretational,,,{365C6348-A1CE-4FAF-9DD2-2B0BAC27CCAC},Active,,36.5120931162723
587,TR710,2021,Paved,3,Public,Commuter,Commuter,,,{26E3C602-DF1C-40A9-91E8-50A8168CBC32},Active,,12.89374876923
588,TR026,2004,Gravel,1.5,Public,Commuter,Commuter,,,{ADD0C24D-436C-4843-B7C6-60CC4252A182},Active,,51.3150150260982
589,TR711,2018,Gravel,2.5,Provincial,Commuter,Recreational,Legacy Trail Extension,,{B4743794-F794-412A-AB9E-56B7E4B2B957},Active,,1296.79598399357
590,TR712,2021,Paved,3,Public,Commuter,Commuter,,,{7837715A-CC16-4A3A-AF51-144704FBF2FC},Active,,59.1796604747958
591,TR713,2021,Paved,4,Public,Commuter,Commuter,,,{1CC3F4C5-BAC2-46A5-9615-8C50668241A1},Active,,8.08490875766607
592,TR714,2021,Paved,3,Public,Commuter,Commuter,,,{93D305A6-6492-4BBA-AAE6-B1BAFF4D79AB},Active,,27.5150785543576
593,TR715,2021,Paved,1.75,Public,Commuter,Commuter,,,{541E12D0-D993-436B-98C6-E6E3966261FA},Active,,25.0070991361846
594,TR716,2021,Paved,2,Public,Commuter,Commuter,,,{13542D7C-B328-4CE3-A375-4CDC0D76D95E},Active,,9.37379056505905
595,TR717,2021,Paved,3,Public,Commuter,Commuter,,,{660D0A4E-9233-419A-8598-E04C84656105},Active,,195.736635692487
596,TR718,2021,Paved,3,Public,Commuter,Commuter,,,{B56F6BB1-880D-46F5-8437-180590BC461D},Active,,145.632623709262
597,TR719,2021,Paved,3,Public,Commuter,Commuter,,,{513AB158-9982-4923-B430-1E4AC14A370D},Active,,24.4185150333304
598,TR720,2021,Paved,3,Public,Commuter,Commuter,,,{03B3047B-498C-482D-8F55-ADB0A159043A},Active,,23.4886835841029
599,TR721,2021,Paved,3,Public,Commuter,Commuter,,,{3E1959C3-B431-4B72-BE46-3B36A9234DD5},Active,,6.17139653501008
600,TR722,2021,Paved,3,Public,Commuter,Commuter,,,{FAF08E7C-DAA1-49E8-85D1-C4FD46B9442D},Active,,11.7636500691449
601,TR723,2021,Paved,3,Public,Commuter,Commuter,,,{04276391-E2B2-45CF-9E89-3B1A9935F15B},Active,,6.15824298413723
602,TR724,2019,Paved,2,Public,Commuter,Recreation,,,{1458185F-298F-499B-95B7-8C4CCFDF8EB4},Active,,299.703743037194
603,TR725,2017,Paved,2.5,Public,Commuter,Commuter,,,{520734F9-169B-467E-B414-BE2155FAE57C},Active,,138.663199173799
604,TR726,2019,Gravel,2,Public,Commuter,Recreation,,,{3EC4FE3F-2863-4144-9F26-10F301E2DAD2},Active,,623.819600988791
605,TR727,2022,Concrete,2,Public,Commuter,Commuter,,,{A03288ED-14C5-418C-872B-BF204CA6622E},Active,,105.181646480568
606,TR728,2022,Gravel,2.5,Public,Commuter,Recreation,,,{D76DF1B4-C10B-4FAA-B704-6148FE1FC6CA},Active,,16.4517798852148
607,TR729,2022,Gravel,2.5,Public,Commuter,Recreation,,,{6104C2E7-E202-483C-BAEA-506F2B1D63E1},Active,,7.65621451064651
608,TR730,2022,Paved,3,Public,Commuter,Recreation,,,{D8AC291D-9BC7-4F9C-A4DE-CD7B15488074},Active,,32.5448819263055
609,TR731,2021,Paved,3,Public,Commuter,Commuter,,,{8C718D17-0DAD-44DA-A6CF-39392943BDEF},Active,,46.7128695500545
610,TR732,2021,Paved,3,Public,Commuter,Commuter,,,{CE08EFF0-3C91-4558-8BDA-6D1AF9D405CE},Active,,122.217491601715
611,TR733,2021,Paved,1.5,Public,Commuter,Recreation,,,{CDF6ECB9-C770-4710-89C1-BF0E7698874E},Active,,163.284675773645
612,TR734,2022,Gravel,1.5,Public,Recreational,Recreational,,,{E8BF712A-75AD-474C-8470-8863C0D0BC0F},Active,,131.990471951783
613,TR735,2022,Paved,2.5,Public,Commuter,Commuter,,,{9991B6B0-63B0-4D26-81FC-CF8CCAAD108A},Active,,17.258310427287
614,TR736,2023,Asphalt,2.5,Public,Commuter,Recreation,,,{145D10C7-395A-4061-8C75-E680EF52854D},Active,,312.20829118655
615,TR739,2023,Asphalt,2.5,Public,Commuter,Recreation,,,{908D75AA-EAD6-4D8E-8FE4-82C22D36BEC0},Active,,257.851912885157
616,TR740,2023,Asphalt,3,Public,Commuter,Recreation,,,{6A4D0C48-3B09-4BBB-BA60-3E83613349EF},Active,,64.7071609647633
617,TR741,2023,Asphalt,3,Public,Commuter,Recreation,,,{8851791A-DCE9-4C04-8EE2-FAACC701652A},Active,,26.3852426642555
618,TR743,2023,Asphalt,1.5,Public,Recreation,Recreation,,,{67BF97F9-CA69-4EDA-96DD-ECE71F6E32EA},Active,,33.6172590634238
619,TR742,2023,Asphalt,1.5,Public,Recreation,Recreation,,,{EF6D863F-AD1C-4ADF-9874-E9476232A82B},Active,,15.168285635536
620,TR744,2023,Asphalt,1.5,Public,Recreation,Recreation,,,{4F914E39-2AF2-4155-A9C2-2F07CC3D3821},Active,,9.93119695964543
621,TR745,2022,Asphalt,3.3,Public,Commuter,Commuter,,,{32360DA7-3804-422C-9518-448A169D0CFA},Active,,172.864475605624
622,TR746,2024,Asphalt,4.5,Public,Commuter,Commuter,Trans Canada Trail,Bow River West Pathway,{7F436AF8-DEE6-40B2-8BC7-A4D65F331F22},Active,,867.719346457623
623,TR747,2024,Asphalt,3.5,Public,Commuter,Commuter,Trans Canada Trail,Bow River West Pathway,{8EB4C5D8-AC35-4455-A0DA-4B1357CC0182},Active,,485.724930416409
624,TR748,2024,Asphalt,3.5,Public,Commuter,Commuter,Trans Canada Trail,Bow River West Pathway,{BAA75E0F-A5E2-43B2-AA48-168CB1FA0C2B},Active,,1138.90105394692
625,TR749,2024,Asphalt,3.5,Public,Commuter,Commuter,Trans Canada Trail,Bow River West Pathway,{4CC9945B-B298-4BDD-AE93-E3BD5DA94266},Active,,358.986600916809
626,TR737,2023,Asphalt,2,Public,Commuter,Recreation,,,{F9731C19-03FA-4DFD-B35B-7A81DAAD48C5},Active,,7.90084712209971
627,TR738,2023,Asphalt,2,Public,Commuter,Recreation,,,{0D2760A4-5E11-4F49-8F39-02125537E463},Active,,7.20315284380096
628,TR751,2024,Asphalt,3.5,Public,Commuter,Commuter,,,{6DDA3F6A-9461-45F3-BA03-0D8561DAC274},Active,,173.631485917494
629,TR750,2024,Concrete,4,Public,Commuter,Commuter,,,{EC72BC63-012E-45DD-9B62-C271C5A295A4},Active,,314.247084499139
630,TR752,2024,Asphalt,3.5,Public,Commuter,Commuter,,,{C880CD92-F0C1-4930-90A2-E1D69588F96E},Active,,213.599383698362
631,TR753,2024,Concrete,4.75,Public,Commuter,Commuter,,,{C2240304-6C9C-4F04-9BD9-936B304595AE},Active,,1130.65069511204
632,TR754,2024,Concrete,4.75,Public,Commuter,Commuter,,,{B54541E4-FAE3-48C1-BD1E-F00484689D5C},Active,,1110.61359320766
633,TR446,,Paved,2.5,Province,Recreational,Recreational,,,{878FC7E4-E9BC-4C4D-9314-9C89317A228B},Active,,65.5732811142236
634,TR756,2024,Asphalt,3.5,Public,Commuter,Recreational,,,{0562C393-7A92-4923-A776-A6FE92E8F421},Active,,613.54622175246
635,TR757,2025,Asphalt,3,Public,Commuter,Commuter,,,{FD49A996-2D3C-4E8C-82C5-8854E8AFAC6E},Active,,183.042157581512
636,TR758,2025,Asphalt,3,Public,Commuter,Commuter,,,{FE9FC8FD-63DE-4585-8500-108DE5E0292E},Active,,59.3763969863177
637,TR759,2025,Asphalt,3,Public,Commuter,Commuter,,,{FC828763-8DB3-4026-AF9D-4B45DA8723A5},Active,,63.3888287989357
638,TR760,2025,Asphalt,2.5,Public,Commuter,Commuter,,,{3284A61D-2797-4FD4-958C-176690574421},Active,,50.4044326131757
639,TR761,2025,Asphalt,3.1,Public,Commuter,Commuter,,,{FBCA5EEE-2CC0-4A85-895A-9F4B96A1B080},Active,,394.100626021375
640,TR762,2025,Asphalt,3.1,Public,Commuter,Commuter,,,{41106376-AD98-4CB7-86F6-9C76C906C403},Active,,59.7396507425175
641,TR763,2025,Asphalt,3.1,Public,Commuter,Commuter,,,{E2B91730-4C2F-4160-89AF-58D417BBF8B8},Active,,109.517109674753
642,TR764,2025,Asphalt,2.5,Public,Commuter,Commuter,,,{65AA9ACD-91DE-4BA4-B360-FCF841D55A75},Active,,64.3046178908279
643,TR174,2002,Gravel,1.5,Public,Recreational,Recreational,,,{9D2B87AE-72D1-4CB8-89DF-09FBA17F48C5},Active,,609.32499684777
644,TR255,2002,Gravel,1.5,Public,Commuter,Commuter,Trans Canada Trail,,{208F451F-32CD-4BC8-ABE5-C169A53E7882},Active,,57.6372947023024
